seas_id,player_id,tm,pos,age,experience
1,478,DAL,C,24,1
1,89,MIN,PG,33,10
1,302,DEN,PF,27,9
1,397,DAL,SG,23,3
1,336,ORL,PF,26,4
1,75,BOS,C,36,16
1,37,IND,C,33,14
1,168,CHI,PF,30,11
1,56,LAC,SF,34,8
1,392,BRK,PF,26,4
1,185,DET,SG,31,12
1,257,SAC,C,29,10
1,454,ATL,PF,25,3
1,284,MIN,SF,27,7
1,148,DEN,SF,29,8
1,50,PHI,C,31,14
1,220,CHI,C,29,11
1,30,GSW,SF,39,19
1,281,BRK,SG,29,7
1,51,CLE,C,32,12
1,51,LAL,C,33,13
1,51,GSW,C,34,14
1,455,NOP,PG,24,3
1,253,TOT,PF,27,5
1,253,WAS,PF,27,5
1,253,BRK,PF,27,5
1,303,GSW,SF,27,9
1,296,BRK,PF,23,4
1,398,NOP,SF,24,2
1,398,ORL,SF,24,2
1,398,MIN,SF,25,3
1,221,LAL,C,29,11
1,124,TOT,SG,31,9
1,124,OKC,SG,31,9
1,124,CHI,SG,31,9
1,112,PHI,PF,35,13
1,297,TOT,SG,22,4
1,297,NOP,SG,22,4
1,297,BRK,SG,22,4
1,298,ORL,C,29,3
1,238,TOR,C,34,9
1,90,ORL,SG,32,11
1,222,MIN,SG,30,11
1,160,LAL,SG,31,12
1,386,MIL,SF,24,2
1,386,NOP,SF,24,2
1,386,MIL,SF,28,3
1,479,DAL,PF,21,1
1,276,POR,SG,28,9
1,44,DET,PG,34,13
1,186,PHO,C,30,12
1,155,BOS,C,33,13
1,120,HOU,PG,33,4
1,354,MIL,PF,27,8
1,25,UTA,PF,34,14
1,223,WAS,SG,29,11
1,91,HOU,PF,30,10
1,57,LAC,PF,31,12
1,414,NOP,SF,25,7
1,147,NYK,PG,27,8
1,147,WAS,PG,27,8
1,147,MIL,PG,28,9
1,199,DAL,PG,30,9
1,125,MIN,SG,31,9
1,254,CHO,PG,31,5
1,399,TOT,PG,25,3
1,399,HOU,PG,25,3
1,399,MEM,PG,25,3
1,464,MEM,PF,23,2
1,99,MIL,C,34,15
1,329,HOU,PF,25,7
1,415,MIN,SG,29,7
1,416,SAC,SG,29,6
1,416,IND,SG,29,6
1,416,IND,SF,30,7
1,47,BOS,SG,34,16
1,94,ORL,PG,32,10
1,350,ORL,SG,26,3
1,355,PHO,PG,26,6
1,355,PHO,PG,27,7
1,355,PHO,PG,28,8
1,417,CLE,SG,28,7
1,19,LAL,PF,37,19
1,205,ATL,PF,31,9
1,52,CLE,C,35,13
1,445,WAS,PG,25,2
1,445,GSW,PG,26,3
1,445,ORL,PG,27,4
1,438,DET,C,25,5
1,465,HOU,C,21,2
1,14,CLE,C,38,15
1,400,BRK,PF,21,2
1,400,WAS,PF,21,2
1,400,WAS,PF,22,3
1,46,PHO,PG,37,18
1,356,DAL,C,27,7
1,258,NOP,SG,31,10
1,304,ATL,C,28,9
1,259,MIA,C,30,10
1,175,MIN,C,29,8
1,81,PHI,SF,32,12
1,81,SAC,SF,32,12
1,81,SAC,PF,33,13
1,187,DET,PG,31,12
1,114,DAL,SG,34,12
1,110,LAL,PG,34,14
1,357,LAL,PG,26,8
1,26,CLE,SF,36,13
1,418,UTA,C,27,7
1,224,POR,PG,32,11
1,480,WAS,C,23,1
1,111,ATL,PF,33,13
1,127,CLE,SG,35,14
1,142,SAS,PF,31,10
1,330,CLE,SG,25,6
1,419,PHI,SF,29,7
1,121,DEN,PF,29,9
1,138,LAL,PG,34,11
1,401,SAS,SG,24,3
1,58,SAS,PF,33,12
1,439,HOU,SF,29,6
1,23,GSW,C,37,15
1,100,DEN,C,34,15
1,213,TOT,SG,29,5
1,213,MIL,SG,29,5
1,213,NOP,SG,29,5
1,440,MIL,SF,27,6
1,420,ATL,SG,26,6
1,358,WAS,PG,30,8
1,128,CHI,SF,33,14
1,161,TOT,C,31,11
1,161,MIL,C,31,11
1,161,DEN,C,31,11
1,141,HOU,C,33,11
1,456,PHI,PG,24,3
1,441,UTA,SG,28,5
1,59,TOT,PG,32,12
1,59,DAL,PG,32,12
1,59,CLE,PG,32,12
1,162,OKC,C,30,12
1,421,CHI,SF,25,7
1,101,NYK,PG,34,14
1,214,MIA,PF,25,6
1,214,CLE,PF,25,6
1,214,LAL,PF,26,7
1,359,PHO,SG,26,8
1,34,DAL,PG,35,15
1,260,MIA,C,33,10
1,457,ATL,C,22,3
1,481,LAC,C,19,1
1,241,LAL,SG,28,8
1,2,DAL,PF,40,21
1,422,SAC,C,26,7
1,423,BRK,PF,29,7
1,305,IND,PF,29,7
1,305,SAS,PF,30,8
1,305,SAS,SF,31,9
1,451,GSW,PF,22,4
1,225,GSW,PF,32,11
1,31,LAL,C,36,18
1,306,DAL,C,31,9
1,21,MIA,SG,37,16
1,203,PHO,SG,31,10
1,163,CLE,C,32,12
1,410,TOT,C,24,2
1,410,ATL,C,24,2
1,410,CLE,C,24,2
1,321,PHO,PG,27,8
1,351,PHO,SG,29,3
1,381,SAC,PG,25,6
1,200,BOS,C,29,11
1,164,LAC,PG,32,12
1,102,LAC,SG,34,15
1,226,NYK,SG,30,11
1,170,ATL,SG,31,10
1,360,HOU,C,29,8
1,424,TOR,PG,28,7
1,129,NOP,SG,36,13
1,307,ORL,SG,28,9
1,181,ATL,SG,32,7
1,425,POR,PG,30,7
1,103,IND,PG,36,15
1,426,PHI,PF,29,7
1,466,POR,C,20,2
1,53,HOU,SG,33,12
1,149,PHI,SG,29,8
1,261,MIL,PF,28,10
1,331,SAC,SF,27,7
1,104,CHI,PG,36,15
1,156,CHO,SF,32,13
1,262,SAS,C,33,10
1,165,UTA,C,31,10
1,227,SAC,PF,30,11
1,166,UTA,C,32,10
1,446,TOR,PF,24,5
1,299,TOT,SG,25,4
1,299,PHI,SG,25,4
1,299,NOP,SG,25,4
1,287,NOP,SG,27,6
1,82,WAS,C,33,12
1,204,BRK,SG,30,10
1,288,MIL,PG,27,6
1,467,ATL,PG,23,2
1,201,CHO,PG,32,11
1,468,BRK,PG,22,2
1,157,DEN,PG,34,13
1,427,LAC,C,25,7
1,70,DAL,PG,35,14
1,69,DAL,SG,36,15
1,33,LAL,SG,34,16
1,322,BOS,PF,26,8
1,228,MIL,SF,32,11
1,387,DET,C,25,6
1,442,MIN,SF,27,6
1,428,TOR,C,27,7
1,6,BRK,SG,39,20
1,429,DEN,PG,25,6
1,40,DET,PG,35,14
1,323,DEN,SF,31,8
1,130,PHI,PG,33,14
1,131,IND,PF,35,14
1,27,CLE,SF,36,14
1,339,PHI,PF,25,4
1,340,PHI,SG,22,4
1,308,GSW,PF,32,9
1,80,LAL,PF,35,14
1,255,TOR,PF,24,5
1,402,CHI,SF,26,3
1,393,ORL,PF,24,4
1,352,DEN,C,23,3
1,55,NYK,PG,34,13
1,452,WAS,PF,26,2
1,86,NOP,C,32,11
1,4,MIL,SG,40,19
1,105,DAL,C,35,15
1,430,BOS,SF,26,7
1,76,DEN,PF,36,15
1,140,MIL,PG,32,12
1,291,DAL,C,27,5
1,309,DET,SF,26,7
1,309,DET,PF,27,8
1,309,POR,PF,28,9
1,235,SAC,SG,29,10
1,172,TOR,PG,30,9
1,389,WAS,SG,27,5
1,117,MIN,PG,30,11
1,188,MIA,SF,33,12
1,83,LAC,C,34,13
1,143,TOR,SG,31,10
1,310,BRK,SG,31,9
1,311,MIL,SF,35,9
1,8,BOS,SG,40,18
1,403,IND,PG,25,3
1,95,SAS,C,34,10
1,469,MIL,PF,24,2
1,431,PHI,C,28,7
1,341,OKC,PF,25,3
1,341,CHI,C,25,3
1,341,SAS,C,26,4
1,242,DET,C,29,8
1,246,NYK,SG,27,6
1,60,MIN,PG,34,8
1,158,LAC,PG,32,11
1,342,DEN,PF,23,3
1,342,CHO,PF,23,3
1,342,CHO,PF,24,4
1,209,DET,PF,29,8
1,144,GSW,PF,31,9
1,470,BOS,PG,30,2
1,394,PHI,SF,29,4
1,312,UTA,SG,30,9
1,177,NOP,SG,29,6
1,72,SAC,PG,30,10
1,150,MIN,C,29,8
1,390,DET,SG,28,4
1,404,MIA,PF,23,3
1,405,OKC,PF,26,3
1,92,DAL,PF,30,11
1,361,NOP,SG,29,8
1,132,MIL,PG,32,14
1,313,NYK,PF,28,9
1,382,TOT,SF,28,6
1,382,CLE,SF,28,6
1,382,IND,SF,28,6
1,300,BRK,C,26,3
1,217,PHI,PF,27,3
1,229,DAL,SG,33,10
1,362,POR,SF,26,8
1,353,TOT,SF,23,3
1,353,HOU,SF,23,3
1,353,BRK,SF,23,3
1,363,MIN,PF,27,8
1,189,LAC,SF,31,11
1,471,DET,PG,22,2
1,263,UTA,C,31,10
1,364,CHO,SF,27,8
1,190,DAL,PG,32,12
1,210,HOU,C,29,8
1,236,LAL,SF,32,10
1,264,DEN,SG,29,10
1,77,BRK,PF,34,15
1,106,MIA,PF,34,15
1,365,GSW,C,26,8
1,230,MIL,SF,31,11
1,191,GSW,SG,32,10
1,118,SAC,C,29,11
1,432,UTA,PG,28,7
1,45,ATL,PF,31,13
1,366,WAS,C,27,7
1,314,MIN,PF,29,9
1,20,CLE,PF,37,16
1,20,UTA,SG,37,16
1,20,MIL,SF,38,17
1,63,MIA,PG,36,17
1,243,PHI,C,29,8
1,251,OKC,SF,29,6
1,482,HOU,PF,24,1
1,192,DAL,PG,30,12
1,411,ATL,SG,25,2
1,66,BRK,C,36,16
1,167,LAL,SG,28,9
1,167,TOT,PG-SG,31,10
1,167,ATL,SG,31,10
1,167,IND,PG,31,10
1,207,BRK,PF,31,9
1,324,TOT,SG,30,8
1,324,BRK,SG,30,8
1,324,MIL,SG,30,8
1,367,NOP,PF,30,8
1,182,CLE,C,28,6
1,218,IND,PF,27,6
1,28,PHO,SG,34,14
1,17,LAL,PF,38,20
1,48,LAC,PG,34,16
1,48,ATL,PG,34,16
1,48,ATL,PG,35,17
1,115,HOU,PF,33,12
1,344,TOR,C,25,4
1,96,BRK,PF,36,10
1,178,MIA,SF,28,8
1,35,MIN,SF,33,15
1,458,TOR,SG,23,3
1,433,BOS,PG,30,7
1,472,ATL,PG,28,2
1,434,LAL,SG,26,7
1,183,DAL,SG,27,4
1,15,SAS,SG,40,16
1,113,LAL,C,36,13
1,412,LAL,PG,33,2
1,87,LAC,C,34,12
1,84,SAS,SG,33,13
1,473,MIN,SG,23,2
1,193,LAC,PF,33,12
1,315,BOS,PG,28,9
1,151,WAS,SG,29,8
1,391,POR,PF,24,5
1,194,DAL,PF,33,12
1,443,DAL,PF,24,6
1,123,ORL,C,30,10
1,474,MIL,C,25,2
1,49,MIL,PF,33,15
1,265,TOT,C,32,10
1,265,CHO,C,32,10
1,265,LAC,C,32,10
1,29,TOT,SF,36,14
1,29,SAC,SF,36,14
1,29,GSW,SF,36,14
1,266,SAC,PG,32,9
1,237,SAC,SF,28,10
1,483,NYK,PF,24,1
1,5,LAL,SF,37,17
1,231,MIL,C,30,10
1,119,LAL,PF,30,11
1,283,ORL,SG,29,8
1,484,DET,SG,24,1
1,244,DAL,PF,26,8
1,78,MIN,PG,35,16
1,16,TOT,SF,36,15
1,16,CLE,SF,36,15
1,16,ATL,SF,36,15
1,7,DEN,SF,36,17
1,267,BOS,C,31,10
1,240,PHI,PF,32,9
1,485,CHO,C,22,1
1,247,CHO,C,28,5
1,247,ATL,C,29,6
1,247,ATL,C,30,7
1,475,NYK,SF,28,2
1,61,IND,SG,31,12
1,368,PHI,C,29,8
1,369,IND,C,26,8
1,383,GSW,C,33,7
1,316,NYK,C,26,7
1,316,NYK,C,27,8
1,316,DET,C,28,9
1,42,OKC,PF,37,14
1,88,DEN,SG,33,12
1,107,LAC,PF,34,15
1,325,BOS,SG,28,6
1,370,MIA,PF,19,1
1,195,CHI,C,32,12
1,317,BOS,C,27,8
1,371,LAC,SG,29,8
1,219,OKC,PG,28,6
1,459,WAS,PF,26,3
1,145,NOP,PF,28,8
1,145,MIN,PF,28,8
1,145,GSW,SF,29,9
1,145,MEM,SF,30,10
1,268,TOR,SF,29,10
1,64,MIL,PF,35,10
1,64,MIA,PF,36,11
1,64,PHI,PF,37,12
1,435,TOR,C,28,7
1,372,MIL,SG,30,8
1,486,ORL,SG,23,1
1,232,CHI,PG,34,11
1,447,TOR,SF,25,5
1,169,LAC,PF,31,11
1,133,BRK,PG,34,14
1,10,MIL,C,38,18
1,159,LAC,SG,32,13
1,67,PHI,C,36,16
1,3,LAC,SF,39,19
1,476,CHI,SF,23,2
1,487,DAL,PG,25,1
1,248,BRK,PF,26,5
1,248,BRK,PF,27,6
1,248,PHO,PF,28,7
1,448,TOT,PG,27,5
1,448,LAL,PG,27,5
1,448,CLE,PG,27,5
1,395,BOS,SG,25,4
1,68,CLE,PG,35,16
1,413,IND,PF,25,2
1,93,WAS,PG,31,11
1,73,BRK,SG,33,11
1,407,ORL,SG,21,3
1,373,CLE,PG,30,8
1,54,OKC,PG,34,14
1,269,DAL,SF,31,10
1,196,DEN,PG,32,12
1,152,NOP,SF,30,7
1,12,DEN,SF,37,17
1,374,SAC,C,29,8
1,197,CLE,PG,32,12
1,270,LAC,PF,32,10
1,108,CLE,C,34,15
1,326,LAC,SF,29,8
1,436,DET,SG,31,7
1,97,IND,PG,30,10
1,460,WAS,SG,25,3
1,388,POR,PF,26,6
1,62,PHO,PG,33,12
1,126,TOT,C,30,9
1,126,CHO,C,30,9
1,126,DEN,C,30,9
1,65,UTA,PF,36,17
1,271,MIN,C,30,10
1,109,LAC,PG,34,15
1,116,HOU,C,31,12
1,301,ATL,PF,25,4
1,396,DAL,C,32,4
1,384,TOR,PF,27,5
1,346,CHI,SG,28,4
1,488,OKC,PG,24,1
1,134,LAC,C,32,13
1,134,MIL,C,32,13
1,134,MIL,C,33,14
1,272,BRK,SG,32,9
1,293,MIL,SG,25,5
1,333,WAS,PG,28,6
1,36,GSW,PG,33,14
1,489,PHI,C,24,1
1,490,WAS,SG,24,1
1,212,CHO,PG,28,8
1,278,ATL,SF,30,9
1,318,BRK,PG,29,9
1,98,TOT,PF,28,10
1,98,CHO,PF,28,10
1,98,MIL,PF,28,10
1,375,SAS,SF,26,8
1,135,GSW,PG,34,14
1,491,ORL,C,20,1
1,74,MIL,PF,33,11
1,273,MEM,C,29,10
1,376,IND,PG,30,8
1,319,PHO,SF,29,8
1,136,NYK,C,35,12
1,136,NYK,C,36,13
1,136,WAS,C,37,14
1,347,HOU,C,26,4
1,437,MIN,SF,28,7
1,250,NOP,PF,25,5
1,250,MIL,PF,25,5
1,250,HOU,PF,27,6
1,233,TOT,SG,31,11
1,233,ORL,SG,31,11
1,233,PHO,SG,31,11
1,377,CHO,SG,28,8
1,71,HOU,PF,35,14
1,79,TOR,PF,34,16
1,256,LAL,PF,25,5
1,449,CLE,C,23,5
1,184,PHI,C,32,7
1,327,CLE,PG,31,8
1,274,DAL,SG,30,10
1,477,HOU,SG,23,2
1,179,BRK,C,31,8
1,198,PHI,PF,30,12
1,153,MEM,PG,30,8
1,43,NOP,SF,36,14
1,11,CHO,PG,36,18
1,279,NOP,SG,30,9
1,453,ATL,SF,26,4
1,32,LAL,SF,36,18
1,180,IND,PF,30,8
1,280,DAL,PG,29,9
1,379,SAC,PF,27,8
1,202,CHI,PF,30,11
1,285,DEN,SG,28,7
1,461,HOU,SF,23,2
1,461,NYK,SF,23,2
1,461,SAC,SF,24,3
1,154,SAC,PG,29,8
1,349,HOU,PG,22,3
1,349,LAL,PG,22,3
1,349,LAL,PG,23,4
1,328,SAS,PG,29,8
1,462,CHI,PG,23,3
1,245,SAS,C,30,8
1,146,SAC,SF,27,8
1,146,MEM,PG,28,9
1,146,IND,SG,29,10
1,9,HOU,C,37,19
1,380,MEM,PG,26,8
1,18,MIA,C,42,20
1,275,MIA,SG,30,10
1,1,ATL,PF,43,22
1,463,POR,PG,22,3
1,139,LAL,SG,34,13
1,444,MEM,SG,24,3
1,444,CHI,SG,24,3
1,444,NYK,SG,27,4
1,174,WAS,SF,31,9
1,137,MIL,SG,36,14
1,234,TOR,SG,32,11
1,385,PHI,C,28,7
1,408,DET,C,27,3
1,85,BRK,PF,32,12
1,450,TOT,PG,27,5
1,450,CLE,PG,27,5
1,450,LAC,PG,27,5
1,320,CHI,SG,27,9
1,13,SAC,PF,36,17
1,22,DET,C,34,16
2,89,IND,PG,32,9
2,302,DEN,PF,26,8
2,397,CHO,SG,22,2
2,579,HOU,PG,31,1
2,533,PHO,SF,28,5
2,336,MIN,PF,25,3
2,75,BOS,C,35,15
2,37,IND,C,32,13
2,168,ORL,PF,30,11
2,392,PHO,PF,25,3
2,185,NYK,SG,30,11
2,580,PHO,PF,22,1
2,492,CHI,PG,28,6
2,257,SAC,C,28,9
2,454,IND,PF,24,2
2,534,CHI,SF,29,5
2,284,ATL,SG,27,7
2,50,PHI,C,30,13
2,220,BRK,C,28,10
2,30,GSW,SF,38,18
2,561,LAL,SG,33,2
2,281,OKC,SF,28,6
2,51,DAL,C,32,12
2,455,CLE,PG,24,3
2,581,ATL,SF,24,1
2,303,GSW,SF,26,8
2,398,TOT,SF,24,2
2,221,LAL,C,28,10
2,112,MEM,PF,34,12
2,562,CHI,SG,22,2
2,553,DAL,SG,23,1
2,553,ATL,SG,23,1
2,553,DAL,SG,25,2
2,238,PHO,C,33,8
2,90,SAC,SG,31,10
2,222,DEN,SG,29,10
2,160,TOT,SG,30,11
2,160,MIA,SG,30,11
2,160,HOU,SG,30,11
2,493,MIA,C,25,6
2,276,LAL,SG,27,8
2,582,IND,PF,22,1
2,494,BRK,PG,26,5
2,186,PHO,C,29,11
2,155,DET,PF,31,11
2,155,BRK,PF,31,11
2,155,BRK,C,32,12
2,120,HOU,PG,32,3
2,354,MIL,C,26,7
2,223,WAS,SG,28,10
2,91,MEM,PF,29,9
2,91,TOT,PF,30,10
2,91,MEM,PF,30,10
2,414,NOP,SF,24,6
2,147,TOT,PG,27,8
2,583,SAS,SG,26,1
2,399,TOT,PG,24,2
2,399,GSW,PG,24,2
2,399,CHO,PG,24,2
2,464,LAC,PF,22,1
2,464,TOT,PF,23,2
2,464,LAC,PF,23,2
2,99,MIL,C,33,14
2,329,TOT,C,24,6
2,329,MEM,C,24,6
2,329,HOU,C,24,6
2,415,DEN,SG,28,6
2,416,TOT,SG,29,6
2,47,WAS,SF,32,15
2,563,MIN,SG,28,2
2,554,POR,PF,22,3
2,355,PHO,SG,25,5
2,417,CLE,SG,27,6
2,19,POR,PF,36,18
2,495,CLE,SF,27,6
2,205,MEM,SF,30,8
2,52,TOT,C,34,12
2,52,CLE,C,34,12
2,52,LAL,C,34,12
2,584,NOP,SG,23,1
2,438,PHO,C,23,4
2,465,HOU,C,20,1
2,496,TOR,PF,30,6
2,400,TOT,PF,21,2
2,46,PHO,PG,36,17
2,258,NOP,SG,30,9
2,304,ATL,C,27,8
2,259,POR,C,29,9
2,175,MIN,C,28,7
2,81,LAL,SF,31,11
2,81,OKC,SG,31,11
2,81,TOT,SF,32,12
2,187,DET,PG,30,11
2,114,DAL,SG,33,11
2,110,HOU,PG,34,14
2,535,TOR,PF,25,5
2,357,MIN,PG,26,8
2,585,OKC,C,22,1
2,418,LAL,C,27,7
2,224,POR,PG,31,10
2,38,IND,SF,38,10
2,497,PHO,SG,30,6
2,536,NYK,SG,27,5
2,564,ATL,SG,23,2
2,498,IND,C,30,6
2,111,ATL,PF,32,12
2,127,MEM,SG,35,14
2,142,TOT,SF,30,9
2,142,NOP,SF,30,9
2,142,BRK,SF,30,9
2,330,CLE,SG,24,5
2,419,UTA,SF,28,6
2,239,OKC,SF,30,6
2,121,DEN,PF,28,8
2,138,IND,PG,31,10
2,401,DET,SG,23,2
2,439,HOU,SF,28,5
2,337,UTA,PG,26,2
2,23,GSW,C,36,14
2,499,LAL,SG,27,4
2,500,SAC,PG,25,6
2,100,PHI,C,33,14
2,213,TOT,SG,28,4
2,213,CLE,SG,28,4
2,213,DAL,SG,28,4
2,440,BRK,SF,27,6
2,420,SAS,PG,25,5
2,358,ATL,SG,29,7
2,128,CHI,PF,32,13
2,161,LAC,C,30,10
2,141,SAS,SF,33,11
2,456,TOT,PG,23,2
2,456,HOU,PG,23,2
2,456,PHI,PG,23,2
2,501,CHO,PG,25,6
2,441,CLE,SG,28,5
2,162,UTA,C,29,11
2,421,MIA,SF,22,4
2,421,POR,SF,23,5
2,421,CHI,PF,24,6
2,101,DET,PG,32,12
2,101,NYK,PG,32,12
2,101,NYK,PG,33,13
2,537,DET,PG,26,3
2,502,BOS,SG,28,6
2,214,TOT,PF,25,6
2,359,PHO,SG,25,7
2,34,TOT,PG,34,14
2,34,DAL,PG,34,14
2,34,DEN,PG,34,14
2,565,WAS,SF,23,2
2,260,MIA,C,32,9
2,457,MEM,C,21,2
2,503,MEM,SF,27,6
2,241,MIA,SG,28,8
2,2,DAL,C,39,20
2,422,SAC,C,25,6
2,504,CLE,SG,26,6
2,423,DAL,PF,29,7
2,305,DAL,SF,26,4
2,305,IND,SF,27,5
2,305,IND,PF,28,6
2,451,MIL,C,22,4
2,225,GSW,PF,31,10
2,546,ORL,SG,25,4
2,290,DET,PG,28,3
2,31,PHI,C,35,17
2,306,DAL,C,30,8
2,21,TOT,SG,36,15
2,21,CLE,SG,36,15
2,21,MIA,SG,36,15
2,203,NOP,SG,30,9
2,163,MIN,C,31,11
2,505,BRK,SG,27,5
2,171,UTA,C,31,7
2,321,NOP,PG,24,5
2,321,NYK,PG,25,6
2,321,NYK,PG,26,7
2,39,NOP,C,35,10
2,381,NYK,PG,21,3
2,381,NYK,PG,22,4
2,381,UTA,PG,23,5
2,200,POR,C,28,10
2,164,MIL,PG,29,9
2,164,MIL,PG,30,10
2,164,NOP,SG,31,11
2,102,HOU,SG,34,15
2,334,TOR,PF,27,4
2,586,UTA,SF,24,1
2,226,NYK,SG,29,10
2,170,POR,PG,30,9
2,360,ATL,C,29,8
2,547,ORL,PG,26,4
2,506,DAL,PG,24,6
2,424,TOR,PG,27,6
2,507,PHI,SG,25,6
2,129,NOP,SG,35,12
2,307,ORL,SG,27,8
2,425,WAS,SF,27,4
2,425,GSW,PG,28,5
2,425,GSW,SG,29,6
2,103,MIL,PG,35,14
2,103,TOT,PG,36,15
2,103,MIL,PG,36,15
2,426,PHI,PF,28,6
2,466,SAC,C,19,1
2,466,TOT,C,20,2
2,466,SAC,C,20,2
2,53,HOU,SG,32,11
2,587,DAL,SG,24,1
2,261,MIL,PF,27,9
2,331,PHI,SF,26,6
2,104,BRK,PG,35,14
2,156,CHO,SF,31,12
2,262,ATL,C,32,9
2,165,TOT,C,31,10
2,165,MIN,C,31,10
2,165,WAS,C,31,10
2,165,MIL,C,31,10
2,566,BOS,PF,23,2
2,227,SAC,PF,29,10
2,166,SAC,C,31,9
2,446,BRK,C,23,4
2,287,NOP,SG,26,5
2,82,WAS,C,32,11
2,567,IND,C,20,2
2,204,BRK,SF,29,9
2,288,TOT,PG,27,6
2,288,PHO,PG,27,6
2,288,MIN,PG,27,6
2,568,NYK,PF,24,2
2,467,HOU,PG,22,1
2,201,TOT,PG,32,11
2,201,LAL,PG,32,11
2,201,DAL,PG,32,11
2,468,BRK,PG,21,1
2,157,WAS,PG,33,12
2,569,MEM,PF,21,2
2,427,LAC,C,24,6
2,70,DAL,PG,34,13
2,69,NOP,SG,36,15
2,33,CLE,SG,33,15
2,588,BOS,SG,23,1
2,322,BOS,PF,25,7
2,338,SAC,PF,26,2
2,589,PHI,PG,28,1
2,590,BRK,PF,23,1
2,228,MIA,PF,29,8
2,228,PHO,PF,30,9
2,228,PHO,PF,31,10
2,387,BRK,C,22,3
2,387,NOP,C,23,4
2,387,NOP,C,24,5
2,332,IND,PF,27,6
2,442,MIN,SF,26,5
2,428,SAS,C,27,7
2,570,NOP,SF,24,1
2,570,DAL,SF,24,1
2,570,CLE,SF,25,2
2,6,PHO,SG,38,19
2,429,DEN,PG,23,5
2,591,DAL,PF,24,1
2,40,DEN,PG,34,13
2,40,TOT,PG,35,14
2,40,NOP,PG,35,14
2,592,ORL,SG,25,1
2,323,TOT,SF,31,8
2,323,BRK,SF,31,8
2,323,LAC,SF,31,8
2,130,PHI,PG,32,13
2,131,BRK,PF,34,13
2,339,GSW,PF,24,3
2,593,BRK,SF,24,1
2,340,BOS,SG,21,3
2,594,LAC,SF,27,1
2,308,DEN,PF,31,8
2,80,LAL,PF,34,13
2,402,PHO,SF,25,2
2,402,TOT,SF,26,3
2,402,BOS,SF,26,3
2,393,MEM,PF,23,3
2,508,CLE,C,24,6
2,55,NOP,PG,33,12
2,86,MIL,PF,32,11
2,4,MIL,SG,39,18
2,105,PHO,C,34,14
2,571,OKC,PG,22,2
2,430,BOS,SF,25,6
2,538,SAS,SG,26,3
2,509,BOS,PF,24,6
2,76,DEN,PF,35,14
2,140,BOS,PG,32,12
2,291,UTA,C,26,4
2,309,DEN,PF,25,6
2,176,ATL,SF,30,7
2,235,IND,SF,29,10
2,172,ATL,PG,30,9
2,389,ORL,PG,26,4
2,117,PHI,SG,29,10
2,188,MIA,SF,32,11
2,83,MEM,C,33,12
2,143,WAS,SG,30,9
2,310,BRK,SF,30,8
2,311,UTA,SF,34,8
2,8,TOT,SF,36,17
2,8,UTA,SF,36,17
2,8,HOU,SF,36,17
2,403,IND,PG,24,2
2,469,UTA,PF,23,1
2,431,PHI,C,27,6
2,341,TOT,PF-C,25,3
2,510,ATL,PF,25,6
2,242,CLE,C,29,8
2,572,CLE,SF,30,2
2,158,HOU,PG,30,10
2,555,LAC,PF,24,3
2,342,TOT,PF,23,3
2,209,DET,PF,28,7
2,144,UTA,PF,30,8
2,470,DAL,PG,29,1
2,511,ORL,PF,25,4
2,394,ORL,SG,29,4
2,539,CHI,C,27,5
2,312,UTA,SG,27,6
2,312,UTA,SG,28,7
2,312,UTA,SG,29,8
2,177,NOP,SG,28,5
2,404,BOS,PF,22,2
2,556,NOP,PG,26,2
2,512,NYK,SG,27,6
2,405,OKC,PF,25,2
2,540,SAC,SF,24,5
2,557,ORL,PG,30,2
2,92,MIA,PF,29,10
2,361,SAS,SG,29,8
2,41,NOP,PF,32,13
2,132,MIL,PG,31,13
2,313,NYK,PF,27,8
2,215,CHO,SG,29,4
2,382,BRK,SG,26,5
2,229,ATL,SG,33,10
2,513,BOS,SF,27,6
2,548,HOU,C,23,4
2,362,POR,PF,25,7
2,558,NYK,PG,27,3
2,363,MIN,C,26,7
2,189,LAC,SF,29,10
2,471,CLE,PG,21,1
2,471,TOT,PG,22,2
2,471,CHI,PG,22,2
2,263,DET,C,30,9
2,364,CHO,SF,26,7
2,190,NYK,PG,31,11
2,24,CLE,C,33,14
2,210,BRK,C,29,8
2,236,GSW,SF,31,9
2,264,WAS,SG,28,9
2,77,BRK,PF,33,14
2,106,CLE,PF,34,15
2,365,GSW,C,25,7
2,514,TOR,C,30,6
2,230,MIL,SF,30,10
2,191,GSW,SG,31,9
2,573,CLE,PG,21,2
2,118,SAC,C,28,10
2,432,POR,PG,27,6
2,366,WAS,PF,26,6
2,314,MEM,PF,28,8
2,595,DAL,SF,26,1
2,20,TOT,SG-PF,37,16
2,515,WAS,PF,27,6
2,63,MIA,PG,35,16
2,243,IND,C,28,7
2,251,OKC,SF,28,5
2,192,BRK,PG,30,12
2,66,BRK,C,35,15
2,167,IND,SG,27,8
2,207,NYK,PF,30,8
2,324,PHO,SG,29,7
2,343,TOT,PG,27,2
2,343,PHI,PG,27,2
2,343,NOP,PG,27,2
2,367,TOT,C-PF,29,7
2,367,POR,C,29,7
2,367,NOP,PF,29,7
2,516,UTA,SF,25,6
2,17,LAL,PF,37,19
2,596,CLE,PG,23,1
2,541,CHI,PG,24,5
2,289,TOR,PG,28,5
2,48,TOT,PG,34,16
2,115,LAC,PF,32,11
2,344,TOR,C,24,3
2,406,DET,SG,24,2
2,178,MIA,SF,27,7
2,178,TOT,SF,28,8
2,178,ATL,SF,28,8
2,517,MEM,SG,26,6
2,518,BOS,C,27,6
2,35,LAL,SF,32,14
2,458,TOT,SG,22,2
2,458,SAC,SG,22,2
2,458,TOR,SG,22,2
2,433,IND,PG,29,6
2,472,ATL,PG,27,1
2,559,TOR,SF,26,3
2,434,UTA,SG,26,7
2,519,SAC,SG,24,6
2,597,CHO,C,25,1
2,15,SAS,SG,39,15
2,113,TOR,C,35,12
2,87,WAS,C,33,11
2,84,ATL,SG,31,11
2,84,PHI,SG,31,11
2,84,SAS,SG,32,12
2,473,ORL,SG,22,1
2,193,LAC,PF,32,11
2,598,CHO,PG,24,1
2,315,BOS,PG,27,8
2,122,MEM,PG,31,9
2,391,NYK,SF,23,4
2,345,HOU,SG,26,3
2,520,ORL,PG,24,6
2,194,BRK,PF,33,12
2,443,GSW,PF,23,5
2,252,MEM,PG,24,3
2,123,LAC,C,29,9
2,474,NYK,C,24,1
2,211,MEM,SG,30,5
2,49,CHO,PF,33,15
2,265,CHO,C,31,9
2,599,SAS,C,24,1
2,600,MIA,SG,24,1
2,266,CLE,PG,30,8
2,237,SAC,PF,27,9
2,521,DAL,C,31,6
2,231,MIA,C,28,9
2,119,NYK,PF,29,10
2,283,ORL,SG,28,7
2,244,CHO,PF,26,8
2,78,UTA,PG,35,16
2,549,PHO,PG,27,1
2,549,NOP,PG,27,1
2,549,BRK,PG,30,2
2,267,OKC,C,31,10
2,240,PHI,PF,31,8
2,247,MIL,C,28,5
2,601,BRK,SG,24,1
2,475,NYK,SF,27,1
2,522,WAS,PG,27,6
2,368,CHO,C,28,7
2,602,MEM,SF,25,1
2,369,IND,C,25,7
2,292,UTA,PG,26,3
2,560,IND,SG,26,3
2,383,MIA,PF,32,6
2,316,OKC,C,25,6
2,42,OKC,PF,36,13
2,88,GSW,SG,32,11
2,107,LAC,PF,33,14
2,603,TOT,SF,23,1
2,603,LAL,SF,23,1
2,603,TOR,SF,23,1
2,603,SAC,SF,23,1
2,325,CLE,SG,25,5
2,325,TOT,SG,28,6
2,325,MIA,SG,28,6
2,370,DEN,C,27,8
2,195,CHI,C,31,11
2,317,MIN,C,24,6
2,317,DEN,C,24,6
2,317,BRK,PF,25,7
2,371,LAC,SG,28,7
2,523,TOR,SF,25,6
2,459,MIA,PF,25,2
2,604,MEM,PF,28,1
2,145,SAC,PF,28,8
2,268,GSW,PF,28,9
2,64,HOU,PF,35,10
2,435,TOR,PF,27,6
2,372,MIL,SF,29,7
2,232,LAL,PG,34,11
2,447,TOR,SF,24,4
2,169,LAC,PF,30,10
2,133,BRK,SG,33,13
2,10,SAS,C,38,18
2,159,LAC,PF,31,12
2,67,BRK,C,36,16
2,476,CHI,SF,22,1
2,524,SAC,SG,26,6
2,248,DAL,PF,26,5
2,173,SAS,SF,30,7
2,448,LAL,PG,26,4
2,395,HOU,SG,24,3
2,68,LAL,PG,35,16
2,93,CHO,PG,30,10
2,93,TOT,PG,31,11
2,93,NYK,PG,31,11
2,407,MIL,SG,20,2
2,407,TOT,SG,21,3
2,407,MIL,SG,21,3
2,407,BRK,SG,21,3
2,373,WAS,PG,29,7
2,54,OKC,PG,33,13
2,269,DAL,SF,30,9
2,605,DET,SG,26,1
2,196,LAC,PG,32,12
2,12,CLE,SF,36,16
2,374,SAC,C,28,7
2,197,CLE,PG,31,11
2,270,LAC,PF,31,9
2,108,ORL,C,33,14
2,326,TOR,SF,28,7
2,326,TOT,PF-SF,29,8
2,326,MIL,PF,29,8
2,436,DET,SG,30,6
2,606,ORL,SG,23,1
2,460,NYK,SG,25,3
2,388,TOR,PF,25,5
2,525,BRK,SF,29,6
2,65,UTA,PF,35,16
2,271,UTA,C,29,9
2,109,LAL,PG,34,15
2,116,MIA,PF,30,11
2,526,POR,PG,28,6
2,396,DAL,C,31,3
2,384,WAS,PF,24,4
2,277,OKC,SG,32,3
2,346,BRK,SG,27,3
2,346,TOT,SG,28,4
2,346,BRK,SG,28,4
2,346,MIL,SG,28,4
2,346,LAC,SG,28,4
2,542,LAC,PF,27,5
2,134,TOT,C,32,13
2,293,MIN,SF,24,4
2,293,TOT,SF-SG,25,5
2,293,MIN,SF,25,5
2,333,MIN,PG,28,6
2,294,BOS,PG,25,4
2,543,BRK,SG,28,5
2,36,GSW,PG,32,13
2,212,MEM,PG,28,8
2,550,ORL,SG,26,4
2,278,ATL,PF,29,8
2,318,DAL,PG,29,9
2,375,LAL,PF,25,7
2,135,GSW,PG,33,13
2,527,LAL,SG,27,6
2,273,MEM,C,28,9
2,551,POR,PF,23,4
2,376,IND,PG,29,7
2,319,BRK,PF,29,8
2,136,NYK,C,34,11
2,347,LAL,C,25,3
2,437,MIN,PF,27,6
2,552,PHI,SG,22,4
2,233,ORL,SG,30,10
2,377,CHO,SG,27,7
2,71,UTA,SF,34,13
2,79,TOR,PF,33,15
2,528,DEN,C,25,6
2,449,DET,C,22,4
2,327,ORL,PG,31,8
2,274,DAL,SG,29,9
2,477,POR,SG,22,1
2,179,LAL,C,30,7
2,198,PHI,PF,27,9
2,198,PHI,PF,28,10
2,198,PHI,PF,29,11
2,43,MEM,SG,35,13
2,529,CHI,C,25,6
2,11,SAS,PG,35,17
2,279,POR,SG,30,9
2,530,PHO,SF,32,6
2,348,LAL,SF,27,2
2,453,MIN,SF,26,4
2,32,MIA,SF,35,17
2,180,BRK,PF,29,7
2,180,TOT,PF,30,8
2,180,BRK,PF,30,8
2,180,PHI,PF,30,8
2,280,DAL,PG,28,8
2,379,SAC,PF,26,7
2,607,IND,SG,27,1
2,202,IND,PF,30,11
2,285,LAL,SG,28,7
2,461,MEM,SF,22,1
2,461,HOU,SF,22,1
2,461,TOT,SF,23,2
2,575,UTA,PF,24,2
2,531,DAL,SG,26,3
2,349,TOT,PG,22,3
2,328,PHI,PG,29,8
2,576,DEN,PF,22,2
2,462,PHO,PG,22,2
2,245,TOT,C,29,7
2,245,ATL,C,29,7
2,245,MEM,C,29,7
2,146,NOP,SF,27,8
2,544,NOP,SG,27,4
2,9,LAL,C,36,18
2,380,MEM,PG,25,7
2,18,MIA,C,41,19
2,295,LAL,SG,25,3
2,275,MIA,SG,29,9
2,1,ATL,PF,42,21
2,608,MEM,PF,23,1
2,463,POR,PG,21,2
2,577,CHI,PG,26,2
2,139,DET,SG,33,12
2,444,TOT,SG,24,3
2,545,ATL,SF,27,5
2,174,NOP,SF,31,9
2,137,MIL,SG,35,13
2,234,WAS,SG,32,11
2,385,DAL,C,28,7
2,408,MIA,C,26,2
2,408,TOT,C,27,3
2,408,LAC,C,27,3
2,85,LAC,SF,31,11
2,409,MIL,SG,25,2
2,609,MEM,SG,23,1
2,216,BOS,SG,30,2
2,450,SAC,PG,26,4
2,532,SAS,C,25,5
2,320,CHI,SG,26,8
2,13,MEM,PF,35,16
2,22,GSW,C,33,15
2,578,HOU,PF,23,2
3,302,DEN,PF,25,7
3,610,ATL,PG,26,5
3,533,PHO,SF,27,4
3,75,OKC,C,34,14
3,168,TOT,PF,30,11
3,392,PHO,C,24,2
3,185,TOT,SF-SG,28,9
3,185,GSW,SF,28,9
3,185,PHI,SG,28,9
3,185,NYK,SG,29,10
3,492,CHI,SG,27,5
3,257,WAS,C,27,8
3,454,PHI,PF,23,1
3,534,LAL,SF,28,4
3,611,SAS,PF,26,5
3,284,TOT,SG-SF,27,7
3,675,NYK,SG,24,2
3,676,ORL,PF,26,2
3,50,BOS,PF,29,12
3,220,PHI,C,28,10
3,30,MIA,SF,37,17
3,561,LAL,SG,32,1
3,51,TOT,C,32,12
3,455,MEM,PG,22,1
3,455,MEM,PG,23,2
3,455,TOT,PG,24,3
3,455,MEM,PG,24,3
3,303,GSW,PF,25,7
3,612,POR,SG,23,5
3,221,LAL,PF,27,9
3,112,SAC,PF,34,12
3,562,CHI,SG,21,1
3,238,BOS,C,32,7
3,222,TOT,SG,28,9
3,222,NYK,SG,28,9
3,222,DEN,SG,28,9
3,160,LAC,SG,28,9
3,160,MEM,SG,28,9
3,160,LAL,SG,29,10
3,654,SAC,SF,23,1
3,654,ORL,SF,24,2
3,654,ORL,SF,26,3
3,493,MIA,C,24,5
3,276,HOU,SG,27,8
3,494,PHI,PG,24,4
3,688,NYK,SG,24,1
3,186,CHO,C,28,10
3,155,TOT,PF,31,11
3,354,WAS,PF,23,4
3,354,NYK,PF,24,5
3,354,MIL,C,25,6
3,689,MIL,SF,23,1
3,655,WAS,PG,32,4
3,223,WAS,SG,27,9
3,656,CLE,PG,26,4
3,414,NOP,SF,23,5
3,199,TOT,SG-PG,28,8
3,199,CLE,SG,28,8
3,199,DET,PG,28,8
3,690,CHI,SG,21,1
3,99,MIL,C,32,13
3,613,DEN,SG,26,5
3,329,MEM,PF,23,5
3,415,SAS,SG,28,6
3,416,SAC,SG,28,5
3,47,TOT,SF,31,14
3,47,TOR,SF,31,14
3,47,MEM,SF,31,14
3,563,LAC,SG,27,1
3,554,SAC,PF,21,2
3,554,TOT,PF-C,22,3
3,554,SAC,C,22,3
3,355,TOT,PG,24,4
3,355,CHI,PG,24,4
3,355,CLE,PG,24,4
3,667,HOU,SF,25,2
3,417,IND,SG,27,6
3,19,POR,PF,35,17
3,495,CLE,SF,26,5
3,657,PHO,SF,25,4
3,205,MEM,SF,29,7
3,52,CLE,C,33,11
3,445,NYK,PG,23,1
3,438,NOP,PF,22,3
3,614,SAC,C,25,5
3,496,TOR,PF,29,5
3,658,GSW,PG,26,4
3,46,PHO,PG,35,16
3,356,DET,PF,24,4
3,356,HOU,C,25,5
3,356,HOU,C,26,6
3,258,POR,SG,30,9
3,304,ATL,C,26,7
3,259,CHO,C,28,8
3,615,UTA,SG,24,5
3,81,HOU,SF,30,10
3,81,LAL,SF,30,10
3,81,TOT,SF-SG,31,11
3,187,DET,PG,29,10
3,114,NYK,SG,32,10
3,114,TOT,SG,33,11
3,114,NYK,SG,33,11
3,110,TOT,PG,34,14
3,286,MEM,SG,28,2
3,535,HOU,PF,24,4
3,357,TOT,PG,26,8
3,418,TOT,C,27,7
3,224,POR,PG,30,9
3,497,GSW,SG,29,5
3,536,CLE,SG,26,4
3,564,OKC,SG,22,1
3,498,BOS,C,29,5
3,111,OKC,PF,31,11
3,127,TOT,SG,35,14
3,142,NOP,PF,29,8
3,330,UTA,SG,24,5
3,419,NYK,SF,28,6
3,239,NOP,SF,28,5
3,138,IND,PG,30,9
3,677,MIA,PG,24,2
3,439,BRK,SF,27,4
3,499,DEN,SG,27,4
3,500,SAC,PG,24,5
3,616,PHI,PG,24,5
3,617,PHO,C,24,5
3,100,BRK,C,32,13
3,100,TOT,C,33,14
3,100,LAL,C,33,14
3,440,TOT,SF,27,6
3,358,TOT,SG-PG,28,6
3,358,DET,SG,28,6
3,358,SAC,PG,28,6
3,128,SAS,PF,31,12
3,161,HOU,C,30,10
3,141,TOT,SF-C,33,11
3,456,BOS,PG,22,1
3,691,CLE,SF,21,1
3,501,NYK,PG,23,4
3,501,DET,PG,23,4
3,501,POR,PG,24,5
3,618,SAC,SG,29,3
3,162,NOP,C,28,10
3,421,MIA,SF,21,3
3,101,TOT,PG,32,12
3,502,BOS,SG,27,5
3,692,DEN,SG,25,1
3,359,PHO,SG,24,6
3,34,DAL,PG,33,13
3,565,WAS,SF,22,1
3,619,SAS,PG,27,5
3,260,MIA,C,31,8
3,457,MEM,C,20,1
3,503,MEM,SF,26,5
3,241,TOT,SG,28,8
3,2,DAL,PF,38,19
3,422,IND,PF,25,6
3,504,UTA,SG,25,5
3,620,GSW,SG,26,5
3,693,OKC,SF,23,1
3,423,TOT,PF,29,7
3,305,NYK,SF,26,4
3,451,TOT,PF-C,22,4
3,225,GSW,PF,30,9
3,621,POR,C,25,5
3,622,MIA,SF,28,5
3,678,MEM,SG,26,2
3,546,CHO,SG,24,3
3,31,LAL,C,34,16
3,306,DAL,C,29,7
3,21,CHI,SG,35,14
3,203,NOP,SG,29,8
3,163,UTA,C,30,10
3,505,IND,SG,25,4
3,171,UTA,C,30,6
3,321,PHO,PG,23,4
3,679,PHO,PG,22,2
3,659,PHO,PF,22,1
3,659,MIA,PF,22,1
3,659,PHO,PF,25,2
3,381,DEN,PG,21,3
3,200,NYK,C,26,8
3,200,POR,C,26,8
3,200,BOS,C,27,9
3,164,MIL,PG,28,8
3,102,TOT,SG,34,15
3,334,DET,PF,26,3
3,334,TOT,PF,27,4
3,334,PHO,PF,27,4
3,226,BOS,SG,28,9
3,170,POR,SF,29,8
3,660,DET,PG,23,4
3,360,TOT,C,29,8
3,547,MIL,PG,25,3
3,506,DAL,SG,23,5
3,424,TOR,SG,26,5
3,507,PHI,SG,24,5
3,129,LAC,SG,32,9
3,129,BRK,SG,33,10
3,129,CHI,SG,34,11
3,661,NOP,PF,27,4
3,307,ORL,SG,26,7
3,425,WAS,PG,26,3
3,623,TOR,SG,24,5
3,103,TOT,PG,34,13
3,103,OKC,PG,34,13
3,103,PHI,PG,34,13
3,662,DAL,SF,28,2
3,426,UTA,PF,27,5
3,53,BOS,SF,31,10
3,261,MIL,PF,26,8
3,331,GSW,SF,26,6
3,104,TOR,PG,35,14
3,156,CHO,SF,30,11
3,262,SAS,C,31,8
3,624,MIL,SG,27,5
3,165,TOT,C,28,9
3,165,TOR,C,28,9
3,165,BOS,C,28,9
3,165,PHI,C,28,9
3,566,BOS,PF,22,1
3,625,DET,SG,24,5
3,227,SAC,SF,26,7
3,227,SAC,PF,27,8
3,227,SAC,PF,28,9
3,668,POR,C,22,3
3,166,POR,C,30,8
3,626,MIA,SF,26,3
3,446,TOT,PF,22,3
3,446,DET,PF,22,3
3,446,NYK,PF,22,3
3,287,GSW,SG,25,4
3,82,WAS,C,31,10
3,567,IND,C,19,1
3,204,TOT,SG,28,8
3,204,SAC,SG,28,8
3,204,HOU,SG,28,8
3,663,TOR,SF,22,4
3,694,ATL,C,21,1
3,695,ORL,PG,22,1
3,288,CHI,SG,25,4
3,288,TOT,PG-SG,26,5
3,288,HOU,SG,26,5
3,288,PHO,PG,26,5
3,627,NYK,C,24,5
3,568,NYK,PF,23,1
3,201,NOP,PG,31,10
3,157,CHO,PG,33,12
3,569,MEM,PF,20,1
3,427,LAC,C,21,3
3,427,LAC,C,22,4
3,427,LAC,C,23,5
3,70,DAL,PG,33,12
3,69,TOT,SG,36,15
3,680,CLE,SG,24,2
3,33,CLE,SG,32,14
3,322,SAC,PF,24,6
3,322,TOT,PF,25,7
3,322,SAC,PF,25,7
3,681,MIN,SG,22,2
3,228,MEM,SF,29,8
3,387,PHI,C,22,3
3,332,IND,PF,26,5
3,442,MIN,SF,25,4
3,428,TOT,C,27,7
3,628,NYK,PG,26,5
3,570,TOT,SF,24,1
3,6,MIN,SG,37,18
3,429,DEN,PG,22,4
3,323,PHI,SF,29,6
3,323,ORL,SG,29,6
3,323,ORL,SF,30,7
3,130,BRK,PG,32,13
3,131,NOP,PF,33,12
3,282,MIN,SF,28,2
3,282,HOU,SF,28,2
3,282,NOP,SF,30,3
3,308,LAC,PF,28,5
3,308,LAC,PF,29,6
3,308,DEN,PF,30,7
3,80,BRK,PF,33,12
3,696,MIN,SG,23,1
3,393,MEM,PF,22,2
3,629,MEM,C,23,5
3,697,CLE,SF,25,1
3,630,LAL,PF,23,5
3,508,CLE,C,23,5
3,86,WAS,C,30,9
3,86,WAS,C,31,10
3,86,TOT,PF-C,32,11
3,86,WAS,C,32,11
3,105,DEN,C,33,13
3,571,LAC,PG,21,1
3,571,TOT,PG,22,2
3,571,PHO,PG,22,2
3,669,MIL,PG,24,2
3,430,BOS,SG,24,5
3,538,MIL,SG,23,2
3,509,BOS,SF,23,5
3,76,BRK,PF,34,13
3,140,TOT,PG,32,12
3,664,LAL,SF,26,2
3,309,OKC,PF,24,5
3,235,TOT,SF-SG,29,10
3,172,BRK,PG,28,7
3,172,BRK,PG,29,8
3,172,TOT,PG,30,9
3,389,CHI,PG,25,3
3,670,WAS,SG,23,3
3,117,PHI,PG,28,9
3,631,MIL,PG,27,5
3,208,PHO,SG,29,6
3,188,PHI,SF,29,8
3,188,MIA,SF,30,9
3,188,MIA,SF,31,10
3,83,NYK,C,32,11
3,143,ORL,SG,29,8
3,682,CHO,PG,24,2
3,310,BRK,SF,29,7
3,311,UTA,SF,33,7
3,431,PHI,C,26,5
3,510,ATL,PF,24,5
3,242,TOT,C,29,8
3,572,CLE,SF,29,1
3,246,PHO,SG,25,5
3,246,TOT,SG,27,6
3,246,WAS,SG,27,6
3,158,WAS,PG,28,9
3,555,LAC,PF,23,2
3,683,WAS,PF,24,2
3,209,DET,PF,27,6
3,684,PHO,C,24,2
3,144,BOS,PF,29,7
3,511,ORL,PF,22,3
3,394,SAS,SG,27,2
3,394,ORL,SG,28,3
3,394,TOT,SG-SF,29,4
3,539,GSW,C,26,4
3,312,CLE,SG,27,6
3,698,TOR,PG,25,1
3,390,DEN,SG,28,4
3,699,ATL,SG,26,1
3,512,POR,SF,27,6
3,540,DET,SF,24,5
3,632,PHO,SG,24,5
3,361,TOT,SG,29,8
3,132,MIL,PG,30,12
3,700,MEM,SF,27,1
3,313,NYK,PF,26,7
3,382,ATL,SF,25,4
3,229,IND,SF,32,9
3,229,SAC,SG,32,9
3,229,TOT,SG,33,10
3,513,TOT,SF,26,5
3,513,BOS,SF,26,5
3,513,PHO,SF,26,5
3,548,OKC,C,22,3
3,362,LAC,PF,25,7
3,558,NYK,PG,26,2
3,335,DET,PG,29,2
3,363,MIN,C,25,6
3,189,LAC,SF,28,9
3,633,SAS,SF,27,5
3,263,HOU,PF,29,8
3,364,PHO,SF,23,4
3,364,PHO,SF,24,5
3,364,GSW,SF,25,6
3,190,BOS,PG,30,10
3,210,DEN,PF,27,6
3,210,DEN,PF,28,7
3,210,TOT,C,29,8
3,634,OKC,PF,28,5
3,236,SAC,SF,30,8
3,264,LAL,SG,27,8
3,77,BRK,PF,32,13
3,635,SAC,SG,24,5
3,636,POR,SF,23,5
3,106,TOT,PF,34,15
3,365,GSW,C,24,6
3,514,TOR,C,29,5
3,230,MIL,SF,29,9
3,671,HOU,SG,24,3
3,191,GSW,SG,28,8
3,573,MEM,PG,20,1
3,118,SAC,C,27,9
3,672,LAL,PF,23,3
3,432,ATL,PG,26,5
3,314,MEM,PF,27,7
3,20,ATL,SG,35,14
3,20,CLE,SG,35,14
3,20,CLE,SG,36,15
3,515,WAS,PF,26,5
3,63,TOR,PG,34,15
3,243,NYK,C,27,6
3,192,TOT,PG,30,12
3,66,SAS,C,35,15
3,167,IND,SG,26,7
3,207,NYK,PF,29,7
3,637,BRK,SG,23,3
3,637,PHO,SG,24,4
3,637,PHO,SG,25,5
3,324,DET,SG,28,6
3,367,CLE,PF,28,6
3,516,CLE,SF,24,5
3,17,LAL,PG,36,18
3,638,LAL,SG,24,5
3,541,NOP,PG,23,4
3,289,TOR,PG,27,4
3,48,LAC,PG,33,15
3,115,HOU,PF,31,10
3,639,DAL,PG,23,5
3,517,LAC,SG,26,6
3,518,BOS,C,26,5
3,35,LAL,SF,31,13
3,458,SAC,SG,21,1
3,433,IND,PG,28,5
3,559,TOR,SF,25,2
3,434,TOT,SG,26,7
3,519,LAL,SG,23,5
3,113,TOT,C,34,11
3,113,MEM,C,34,11
3,113,TOR,C,34,11
3,87,WAS,C,32,10
3,84,TOT,SG,31,11
3,701,GSW,PF,22,1
3,193,LAC,PF,31,10
3,315,BOS,PG,26,7
3,391,ORL,SF,22,3
3,520,ORL,PG,23,5
3,194,LAL,PF,31,10
3,194,MIA,PF,32,11
3,194,TOT,PF,33,12
3,443,HOU,PF,21,3
3,443,CLE,PF,21,3
3,443,GSW,PF,22,4
3,211,MEM,SG,29,4
3,640,DET,C,23,5
3,49,TOT,PF,33,15
3,265,DET,C,30,8
3,266,MIL,PG,28,6
3,266,CLE,PG,28,6
3,266,CLE,PG,29,7
3,237,MIA,SF,27,9
3,521,DAL,PF,30,5
3,665,OKC,SG,25,3
3,231,MIA,C,27,8
3,119,MIL,PF,28,9
3,283,TOT,PG,27,6
3,283,HOU,PG,27,6
3,283,ORL,PG,27,6
3,244,TOT,PF,26,8
3,641,BRK,SF,26,5
3,78,TOT,PG,35,16
3,267,OKC,C,29,8
3,267,OKC,C,30,9
3,267,TOT,C,31,10
3,240,TOT,PF,30,7
3,240,LAC,PF,30,7
3,240,PHI,PF,30,7
3,666,CHO,PF,23,4
3,247,TOT,C,28,5
3,702,TOT,SF,26,1
3,702,BRK,SF,26,1
3,702,MIN,SF,26,1
3,642,NYK,C,24,5
3,643,LAL,C,24,5
3,522,DEN,PG,26,5
3,368,WAS,C,28,7
3,644,ORL,C,25,5
3,369,IND,C,24,6
3,560,UTA,SG,25,2
3,383,SAC,PF,32,6
3,316,OKC,C,24,5
3,88,LAL,SG,31,10
3,107,LAC,SF,32,13
3,325,BRK,SG,24,4
3,325,TOT,SG,25,5
3,325,POR,SG,25,5
3,370,DEN,C,26,7
3,195,CHI,C,30,10
3,317,TOT,C,24,6
3,371,POR,SF,28,7
3,523,TOR,SF,24,5
3,459,MIA,PF,24,1
3,685,GSW,C,22,2
3,145,TOT,PF,28,8
3,268,TOT,SF-PF,27,8
3,268,CHI,SF,27,8
3,268,ORL,PF,27,8
3,64,TOT,PF,35,10
3,435,TOR,PF,26,5
3,372,MIL,SG,28,6
3,232,TOT,PG,34,11
3,447,TOT,SG,23,3
3,447,CLE,SG,23,3
3,447,TOR,SG,23,3
3,169,OKC,PF,29,9
3,133,SAS,PG,32,12
3,10,SAS,C,36,16
3,10,SAS,C,37,17
3,10,TOT,C,38,18
3,159,LAC,SF,30,11
3,67,TOT,C,36,16
3,524,DEN,SG,25,5
3,248,TOT,PF,26,5
3,173,CHI,SF,29,6
3,448,GSW,PG,25,3
3,395,CHI,SG,23,2
3,68,TOT,PG,35,16
3,373,WAS,PG,28,6
3,703,CHI,SG,21,1
3,673,DAL,PF,21,1
3,673,PHO,PF,21,1
3,673,HOU,C,23,2
3,54,LAC,PG,32,12
3,269,LAL,SG,27,6
3,269,NYK,SG,28,7
3,269,NYK,SF,29,8
3,196,TOT,PG,32,12
3,374,SAC,C,27,6
3,197,MIN,PG,30,10
3,270,POR,PF,30,8
3,270,TOT,PF,31,9
3,270,POR,PF,31,9
3,645,BOS,C,25,5
3,108,WAS,C,32,13
3,674,MIL,SF,22,3
3,326,POR,SF,27,6
3,326,TOT,SF,28,7
3,326,POR,SF,28,7
3,436,DET,SG,29,5
3,460,NYK,SG,23,1
3,460,NYK,SG,24,2
3,460,TOT,SG,25,3
3,388,BRK,SF,24,4
3,525,UTA,SF,28,5
3,65,SAS,PF,34,15
3,271,UTA,C,28,8
3,109,TOT,PG,34,15
3,116,HOU,PF,29,10
3,116,TOT,PF,30,11
3,116,PHO,PF,30,11
3,526,NYK,PG,28,6
3,686,DAL,SF,29,2
3,396,DAL,C,30,2
3,384,LAC,PF,23,3
3,384,TOT,PF,24,4
3,384,CLE,PF,24,4
3,249,LAL,PG,28,2
3,542,MIL,PF,27,5
3,134,LAC,C,31,12
3,272,BRK,SG,31,8
3,333,TOT,PG,28,6
3,646,OKC,PG,24,5
3,647,PHI,SG,26,5
3,543,DEN,SG,27,4
3,36,GSW,PG,31,12
3,212,UTA,PG,26,6
3,212,ORL,PG,27,7
3,212,TOT,PG,28,8
3,550,NOP,SG,26,4
3,278,MIA,PF,28,7
3,318,TOT,PG,29,9
3,375,NOP,SF,22,4
3,375,TOR,PF,23,5
3,375,TOR,PF,24,6
3,135,GSW,PG,32,12
3,527,DAL,SG,26,5
3,273,NOP,C,27,8
3,648,TOT,SF,25,5
3,648,NYK,SF,25,5
3,648,CHO,SF,25,5
3,551,IND,PF,22,3
3,376,IND,PG,28,6
3,319,TOT,PF-SF,29,8
3,704,BRK,SG,24,1
3,136,MIN,PF,33,10
3,437,CLE,PF,26,5
3,552,OKC,SF,21,3
3,250,TOT,PF,25,5
3,233,ORL,SG,29,9
3,377,CHO,SG,26,6
3,71,UTA,SF,33,12
3,79,SAS,PF,33,15
3,649,DAL,SG,27,5
3,528,LAL,C,25,6
3,705,DEN,C,22,1
3,449,TOT,C-PF,21,3
3,449,MIL,C,21,3
3,449,DET,PF,21,3
3,327,DET,PG,29,6
3,327,MEM,PG,30,7
3,327,TOT,PG,31,8
3,274,DAL,SG,26,6
3,274,DAL,SG,27,7
3,274,DAL,SG,28,8
3,198,TOT,PF,26,8
3,198,LAC,PF,26,8
3,198,PHI,PF,26,8
3,529,CHI,C,24,5
3,11,SAS,PG,34,16
3,279,TOT,SG,30,9
3,530,PHO,SF,31,5
3,650,ATL,PG,24,5
3,453,TOT,SF,26,4
3,706,MIL,PG,20,1
3,32,TOT,SF,34,16
3,32,SAC,SF,34,16
3,32,POR,SF,34,16
3,280,TOT,PG,27,7
3,280,PHI,PG,27,7
3,280,DAL,PG,27,7
3,379,DET,PF,26,7
3,202,SAC,PF,30,11
3,651,LAL,SF,23,5
3,707,ORL,PG,23,1
3,285,TOT,SG,28,7
3,461,TOT,SF,22,1
3,575,ATL,PF,23,1
3,708,OKC,C,21,1
3,531,TOT,SG,22,2
3,531,ATL,SG,22,2
3,531,MEM,SG,22,2
3,328,BRK,SG,27,6
3,328,BRK,SG,28,7
3,328,TOT,PG,29,8
3,576,DEN,PF,21,1
3,462,PHO,PG,21,1
3,245,TOT,C,28,6
3,245,BRK,C,28,6
3,245,MIL,C,28,6
3,146,TOT,SF,27,8
3,544,ATL,SG,25,3
3,9,PHO,C,35,17
3,9,TOT,C,36,18
3,9,PHO,C,36,18
3,380,MEM,PG,24,6
3,18,MIA,C,40,18
3,275,MIA,SG,28,8
3,1,SAC,SF,41,20
3,709,HOU,SF,22,1
3,463,MEM,PG,20,1
3,577,NOP,PG,25,1
3,139,MIA,SG,31,10
3,139,DET,SG,31,10
3,139,NYK,SG,32,11
3,444,NOP,SG,22,1
3,444,MEM,SG,22,1
3,444,MEM,SG,23,2
3,652,ORL,C,23,5
3,545,NOP,SF,26,4
3,174,LAC,SF,29,7
3,174,LAC,SF,30,8
3,174,TOT,SF,31,9
3,137,NYK,SG,32,10
3,137,IND,SG,32,10
3,137,MIL,SG,33,11
3,137,LAL,SG,34,12
3,234,TOT,SG,32,11
3,385,TOT,C,28,7
3,85,DEN,SF,30,10
3,85,TOT,PF-SF,31,11
3,85,PHI,PF,31,11
3,710,MIA,PF,22,1
3,450,SAC,PG,25,3
3,653,BRK,SF,28,5
3,532,SAS,C,24,4
3,320,CHI,SG,25,7
3,711,DET,SG,26,1
3,22,GSW,C,32,14
3,687,PHI,SF,20,2
3,578,HOU,C,22,1
4,302,ORL,PF,25,7
4,610,PHO,PG,25,4
4,533,OKC,SF,26,3
4,796,CHI,SG,22,2
4,712,ORL,PF,25,3
4,75,PHI,C,33,13
4,168,ORL,PF,29,10
4,185,UTA,SG,27,8
4,185,CLE,SG,27,8
4,185,SAC,SG,27,8
4,492,LAL,PG,26,4
4,257,SAC,C,26,7
4,257,TOT,C,27,8
4,257,TOR,C,27,8
4,534,CLE,SF,27,3
4,611,NOP,PF,25,4
4,284,POR,SG,24,4
4,284,BRK,SG,25,5
4,284,BRK,SG,26,6
4,675,NYK,SG,23,1
4,676,ORL,PF,25,1
4,713,LAC,SG,25,4
4,220,CLE,C,27,9
4,220,LAL,C,27,9
4,220,TOT,C,28,10
4,30,MIA,SF,36,16
4,281,OKC,SG,26,5
4,303,TOT,SF,24,6
4,303,MIN,SF,24,6
4,303,GSW,SF,24,6
4,612,POR,SG,22,4
4,221,LAL,PF,26,8
4,112,DET,PF,32,10
4,112,MIN,PF,33,11
4,112,TOT,PF,34,12
4,112,POR,PF,34,12
4,553,TOT,SG,23,1
4,238,BOS,C,31,6
4,222,HOU,SG,27,8
4,160,TOT,SG,28,9
4,654,ATL,SF,23,1
4,493,MIA,C,23,4
4,276,TOT,SG,27,8
4,494,PHI,PG,23,3
4,186,CHO,C,27,9
4,155,DET,PF,30,10
4,354,CHI,PF,23,4
4,714,ORL,PF,23,4
4,655,IND,PG,32,4
4,223,WAS,SG,26,8
4,715,MEM,PF,26,4
4,656,ATL,PG,25,3
4,414,NOP,PF,22,4
4,199,TOT,PG,27,7
4,199,HOU,PG,27,7
4,199,CLE,PG,27,7
4,797,IND,SF,22,2
4,99,MIL,C,31,12
4,613,BRK,SF,25,4
4,329,TOT,SF,22,4
4,329,TOR,SF,22,4
4,329,SAC,SF,22,4
4,716,ATL,C,24,4
4,415,TOT,SG,28,6
4,416,SAC,SG,27,4
4,47,TOR,SF,30,13
4,717,MIA,PF,27,4
4,554,POR,PF,20,1
4,554,TOT,PF,21,2
4,554,POR,PF,21,2
4,718,POR,SF,23,4
4,719,BRK,PF,26,4
4,355,CHI,PG,23,3
4,417,TOT,SG,27,6
4,19,HOU,PF,34,16
4,769,DET,SG,23,3
4,495,CLE,SF,25,4
4,657,WAS,SF,24,3
4,205,MEM,SF,28,6
4,770,PHI,SG,24,3
4,445,PHI,PG,23,1
4,438,NOP,PF,21,2
4,614,SAC,C,24,4
4,496,TOR,C,28,4
4,658,WAS,PG,24,2
4,658,BRK,PG,24,2
4,658,BRK,PG,25,3
4,806,HOU,SG,22,1
4,46,OKC,PG,34,15
4,720,DAL,PF,26,4
4,356,NOP,PF,23,3
4,258,TOT,SG,30,9
4,304,HOU,C,25,6
4,721,CHI,SG,22,4
4,722,CHO,SF,27,4
4,259,CHO,C,27,7
4,615,CLE,SG,23,4
4,81,TOT,SF,30,10
4,187,SAC,PG,29,10
4,114,NYK,SG,31,9
4,110,HOU,PG,33,13
4,535,MIL,PF,24,4
4,357,MIN,PG,23,5
4,357,MIN,PG,24,6
4,357,MIN,PG,25,7
4,418,SAC,C,26,6
4,224,POR,PG,29,8
4,497,GSW,SG,28,4
4,536,NYK,SG,25,3
4,723,WAS,C,24,4
4,498,HOU,C,29,5
4,111,LAC,SF,30,10
4,127,PHI,SF,34,13
4,330,UTA,PG,22,3
4,330,UTA,PG,23,4
4,330,TOT,SG,24,5
4,419,HOU,SF,28,6
4,771,MEM,SG,24,3
4,724,OKC,PF,22,4
4,725,CLE,PG,23,4
4,677,DAL,SG,23,1
4,439,CLE,SF,26,3
4,500,SAC,PG,23,4
4,726,ATL,SF,25,4
4,616,MEM,SG,23,4
4,727,CLE,PF,26,4
4,617,PHO,C,23,4
4,100,BRK,C,31,12
4,440,TOR,SF,26,5
4,420,SAS,PG,24,4
4,358,DAL,PG,27,5
4,128,SAS,SF,30,11
4,141,TOR,SF,30,8
4,141,BRK,PF,31,9
4,141,BRK,PF,32,10
4,501,TOT,PG,23,4
4,441,TOT,SG,28,5
4,618,OKC,SF,26,2
4,162,UTA,C,27,9
4,421,MIA,SF,20,2
4,101,DET,PG,31,11
4,537,TOT,PG,24,2
4,537,LAC,PG,24,2
4,537,DET,PG,24,2
4,502,SAS,SG,27,5
4,359,PHO,SG,23,5
4,807,OKC,PG,24,1
4,772,SAS,PF,25,3
4,619,NOP,PG,27,5
4,808,TOR,C,23,1
4,260,TOT,C,30,7
4,260,SAC,C,30,7
4,260,ATL,C,30,7
4,503,MEM,SF,25,4
4,241,MIA,SG,25,5
4,241,MIA,SG,26,6
4,241,MIA,SG,27,7
4,422,TOT,PF-C,25,6
4,504,UTA,PG,24,4
4,798,DET,PF,22,1
4,798,BRK,C,22,1
4,798,ORL,PF,23,2
4,620,SAC,SG,25,4
4,423,DAL,PF,28,6
4,305,TOT,SF,26,4
4,451,PHO,PF,19,1
4,451,PHO,PF,20,2
4,451,PHO,PF,21,3
4,225,GSW,PF,29,8
4,621,POR,C,24,4
4,622,MIA,SG,27,4
4,678,MEM,SG,25,1
4,546,CHO,SG,23,2
4,31,WAS,C,33,15
4,306,DAL,C,28,6
4,203,NOP,SG,28,7
4,163,BRK,C,29,9
4,505,IND,SG,24,3
4,321,ORL,PG,23,4
4,679,PHO,PG,21,1
4,381,TOT,PG,21,3
4,200,TOT,C,26,8
4,164,PHO,PG,28,8
4,102,HOU,SG,33,14
4,809,SAC,C,25,1
4,773,UTA,PF,25,3
4,226,ORL,SF,28,9
4,170,POR,SF,28,7
4,660,DET,PG,22,3
4,360,PHO,C,28,7
4,547,SAC,PG,24,2
4,506,NYK,PG,22,4
4,424,TOR,SG,25,4
4,507,PHI,SG,23,4
4,728,MIA,PG,26,4
4,129,MEM,SG,32,9
4,729,ATL,SG,26,4
4,661,ORL,SF,26,3
4,661,DEN,SF,26,3
4,661,PHI,PF,26,3
4,307,DEN,SG,26,7
4,425,LAL,PG,25,2
4,623,TOR,SG,23,4
4,103,MIL,PG,33,12
4,426,UTA,PF,26,4
4,261,MIL,PF,25,7
4,331,IND,SF,24,4
4,331,DET,SF,25,5
4,331,TOT,SF,26,6
4,730,ORL,C,23,4
4,104,TOT,PG,35,14
4,156,BOS,SF,29,10
4,262,MEM,C,30,7
4,262,TOT,C,31,8
4,262,MEM,C,31,8
4,731,BOS,PF,24,4
4,624,MIL,SG,26,4
4,625,DET,SG,23,4
4,227,DAL,PF,26,7
4,668,SAC,C,21,2
4,166,MIA,C,29,7
4,446,DET,PF,21,2
4,82,WAS,C,30,9
4,774,ORL,SF,23,3
4,204,CLE,SG,27,7
4,663,WAS,SF,21,3
4,627,LAC,C,23,4
4,732,SAS,PF,24,4
4,201,WAS,PG,30,9
4,157,TOT,PG,33,12
4,427,LAL,C,21,3
4,70,DAL,PG,32,11
4,69,NOP,SG,35,14
4,680,CHO,SG,23,1
4,33,CLE,SG,31,13
4,733,MEM,PG,23,4
4,322,WAS,PF,23,5
4,322,TOT,PF,24,6
4,322,ATL,PF,24,6
4,681,GSW,SG,21,1
4,681,TOT,SG,22,2
4,681,GSW,SG,22,2
4,228,UTA,SF,27,6
4,228,UTA,SF,28,7
4,228,TOT,SF-PF,29,8
4,387,TOT,C,22,3
4,332,CHI,SF,25,4
4,442,POR,SF,24,3
4,428,SAS,C,26,6
4,628,DAL,SG,25,4
4,799,IND,PG,20,2
4,734,PHI,SF,25,4
4,6,LAC,SG,36,17
4,429,DEN,PG,21,3
4,323,HOU,SF,28,5
4,323,PHI,SF,28,5
4,323,TOT,SF-SG,29,6
4,130,TOT,PG,32,13
4,131,MIN,C,32,11
4,131,TOT,PF,33,12
4,131,DAL,PF,33,12
4,308,MEM,PF,28,5
4,80,PHO,PF,32,11
4,775,NOP,PG,24,3
4,629,MEM,PF,22,4
4,630,MIN,PF,22,4
4,630,TOT,PF,23,5
4,630,UTA,PF,23,5
4,800,UTA,PF,24,2
4,508,CLE,C,22,4
4,735,ATL,SG,23,4
4,452,DAL,PF,23,1
4,452,TOT,PF,26,2
4,452,MEM,PF,26,2
4,105,CLE,C,33,13
4,736,CHI,SG,29,4
4,737,NOP,C,22,4
4,430,BOS,SG,23,4
4,776,OKC,SF,22,3
4,738,MIN,SG,23,4
4,509,BOS,SF,22,4
4,76,TOT,PF-C,33,12
4,76,UTA,PF,33,12
4,76,HOU,C,33,12
4,140,TOT,PG,31,11
4,140,MIN,PG,31,11
4,140,ATL,PG,31,11
4,309,OKC,PF,23,4
4,801,CLE,PG,24,2
4,235,IND,SG,28,9
4,206,GSW,PG,33,3
4,389,CHI,PG,24,2
4,670,TOT,SG,22,2
4,670,LAC,SG,22,2
4,670,WAS,SG,22,2
4,631,MIL,PG,26,4
4,188,MIN,SG,29,8
4,83,NYK,C,31,10
4,682,CHO,PG,23,1
4,310,BRK,SF,28,6
4,311,UTA,PF,32,6
4,431,PHI,C,25,4
4,510,ATL,PF,23,4
4,242,MIL,C,26,5
4,242,MIL,C,27,6
4,242,MIL,C,28,7
4,739,MEM,SG,26,4
4,555,DAL,PF,22,1
4,683,LAL,C,23,1
4,684,PHI,PF,23,1
4,684,TOT,C,24,2
4,684,PHI,C,24,2
4,511,ORL,PF,21,2
4,539,MEM,C,25,3
4,539,TOT,C,26,4
4,539,WAS,C,26,4
4,802,ORL,PG,23,2
4,312,CLE,SG,25,4
4,312,CLE,SG,26,5
4,312,TOT,SG,27,6
4,740,MIN,PG,26,4
4,390,CLE,SG,25,2
4,390,WAS,SG,27,3
4,390,TOT,SG,28,4
4,390,WAS,SG,28,4
4,741,GSW,PG,23,4
4,556,PHO,PG,24,1
4,512,TOT,SF-SG,27,6
4,540,TOT,SF,24,5
4,557,ATL,PG,28,1
4,632,MIN,SG,23,4
4,810,DAL,SF,22,1
4,361,SAS,SG,28,7
4,132,NOP,SG,29,11
4,742,UTA,SF,29,4
4,313,NYK,PF,25,6
4,382,PHI,SF,24,3
4,229,TOT,SF-SG,32,9
4,513,MIL,SF,25,4
4,803,SAC,SF,24,2
4,548,PHI,C,21,2
4,777,DET,PG,24,3
4,811,UTA,PG,22,1
4,362,TOT,PF,25,7
4,778,BOS,PF,24,3
4,558,BOS,PG,25,1
4,363,MIN,C,24,5
4,189,TOR,SF,27,8
4,633,DEN,SF,24,2
4,633,SAS,SF,25,3
4,633,SAS,SF,26,4
4,779,BOS,SF,26,3
4,743,SAS,SF,23,4
4,263,MIA,C,29,8
4,364,WAS,SF,23,4
4,190,BOS,PG,29,9
4,744,WAS,PG,27,3
4,634,OKC,SF,27,4
4,236,ATL,SG,29,7
4,236,TOT,SF,30,8
4,236,POR,SF,30,8
4,264,LAL,SG,26,7
4,812,OKC,PF,23,1
4,635,ATL,SF,23,4
4,636,DET,PF,23,5
4,106,CLE,C,33,14
4,745,HOU,PG,22,4
4,365,GSW,C,23,5
4,514,TOR,C,28,4
4,230,MIL,SF,28,8
4,671,DET,SG,23,2
4,672,LAL,PF,22,2
4,432,CHI,PG,25,4
4,366,DAL,PF,26,6
4,813,GSW,PG,22,1
4,814,MIA,C,23,1
4,314,MEM,SF,26,6
4,780,MIA,SG,24,3
4,20,TOT,SG,35,14
4,515,LAL,SF,25,4
4,63,TOR,PG,33,14
4,243,NYK,C,26,5
4,192,BRK,PG,29,11
4,746,SAC,PF,23,4
4,66,TOT,C,35,15
4,207,NYK,PF,28,6
4,637,LAC,SG,22,2
4,324,DET,SG,27,5
4,367,CLE,PF,27,5
4,516,CHI,PF,23,4
4,17,LAL,PG,35,17
4,638,SAS,SG,23,4
4,541,NOP,PG,22,3
4,48,LAC,SG,32,14
4,781,SAC,SF,22,3
4,115,LAC,SF,30,9
4,747,OKC,SG,23,4
4,639,DAL,PG,22,4
4,517,TOT,SG,26,6
4,518,MIL,C,26,5
4,433,IND,PG,27,4
4,559,TOR,SF,24,1
4,434,MIN,SG,23,4
4,434,MIN,SG,24,5
4,434,MIN,SG,25,6
4,519,CHO,SG,22,4
4,782,CLE,PG,24,2
4,113,MEM,C,33,10
4,84,CHO,SG,30,10
4,193,TOT,SF-PF,30,9
4,193,NYK,SF,30,9
4,193,LAC,PF,30,9
4,315,BOS,SG,25,6
4,815,PHI,SG,24,1
4,391,ORL,SF,21,2
4,520,ORL,PG,22,4
4,194,TOT,PF,30,9
4,194,DET,PF,30,9
4,194,LAL,PF,30,9
4,816,MEM,SG,24,1
4,804,CLE,C,22,2
4,443,TOT,PF,21,3
4,640,DET,PF,22,4
4,49,CHO,PF,30,12
4,49,CHO,PF,31,13
4,49,CHO,PF,32,14
4,265,DEN,C,29,7
4,748,POR,SG,25,4
4,783,NYK,SG,24,2
4,784,CHI,SG,27,3
4,266,TOT,PG,28,6
4,237,LAC,PF,26,8
4,237,NYK,SF,26,8
4,237,TOT,PF-SF,27,9
4,749,MIA,SF,26,4
4,521,DAL,PF,29,4
4,665,ORL,SG,23,2
4,231,POR,C,26,7
4,750,BOS,PF,25,3
4,283,CHO,PG,26,5
4,817,HOU,SG,25,1
4,244,CHO,SF,23,5
4,244,CHO,SF,24,6
4,244,CHO,PF,25,7
4,751,DEN,SF,24,4
4,641,PHO,SF,26,5
4,78,UTA,PG,34,15
4,267,OKC,C,28,7
4,240,WAS,PF,29,6
4,666,CHO,PF,22,3
4,642,NYK,C,23,4
4,785,UTA,SG,24,3
4,643,ORL,C,24,5
4,522,DEN,PG,25,4
4,368,TOT,C,28,7
4,644,ORL,C,24,4
4,752,LAC,C,23,4
4,786,MIA,PG,27,3
4,369,IND,C,23,5
4,753,POR,SF,22,4
4,560,UTA,SG,24,1
4,754,MIN,C,23,4
4,383,TOT,PF,32,6
4,316,DAL,C,23,4
4,755,BRK,C,23,4
4,756,MIN,SG,24,4
4,107,CHO,SF,31,12
4,818,UTA,PG,25,1
4,370,DEN,C,25,6
4,195,ORL,C,30,10
4,317,POR,PF,22,4
4,317,CHI,PF,22,4
4,317,NYK,PF,23,5
4,371,TOT,SF-SG,28,7
4,787,UTA,C,28,3
4,523,TOR,SF,23,4
4,685,ATL,PF,21,1
4,757,IND,SF,24,4
4,268,CHI,SF,26,7
4,64,HOU,PF,34,9
4,758,CHO,PF,24,4
4,435,TOR,PF,25,4
4,372,MIL,SG,27,5
4,232,MIN,PG,33,10
4,447,GSW,SG,22,2
4,169,OKC,PF,28,8
4,133,SAS,PG,31,11
4,159,LAC,SF,29,10
4,67,DEN,PF,35,15
4,788,TOR,SF,25,1
4,788,TOR,SF,26,2
4,788,OKC,SF,27,3
4,524,DEN,SG,24,4
4,448,GSW,PG,24,2
4,789,GSW,SG,25,3
4,68,LAC,PG,34,15
4,373,PHI,PG,27,5
4,790,MIL,SG,24,3
4,269,DET,SG,27,6
4,196,LAC,SG,29,9
4,196,LAC,SG,30,10
4,196,LAC,SG,31,11
4,374,SAC,C,26,5
4,197,PHO,PG,29,9
4,759,NYK,SG,22,4
4,270,TOT,PF-C,29,7
4,270,MIN,PF,29,7
4,270,HOU,C,29,7
4,645,BOS,C,24,4
4,108,MIL,C,31,12
4,674,HOU,SF,22,3
4,326,POR,SG,26,5
4,436,LAC,SG,28,4
4,760,SAS,SG,23,4
4,388,BRK,SF,23,3
4,525,UTA,SF,27,4
4,65,SAS,PF,33,14
4,271,UTA,C,27,7
4,761,LAL,PF,24,4
4,109,LAL,PG,33,14
4,116,HOU,PF,28,9
4,526,TOT,PG,28,6
4,686,DAL,SG,28,1
4,791,LAL,PF,21,3
4,542,TOT,PF,27,5
4,134,TOR,C,30,11
4,272,PHI,SG,31,8
4,333,POR,PG,25,3
4,333,POR,PG,26,4
4,333,BRK,PG,27,5
4,646,OKC,PG,23,4
4,647,PHI,SG,25,4
4,819,TOR,PG,21,1
4,543,UTA,SG,27,4
4,550,TOT,SG,26,4
4,278,NOP,SF,27,6
4,278,TOT,PF,28,7
4,278,MEM,PF,28,7
4,318,DAL,SG,28,8
4,375,DET,SF,22,4
4,820,UTA,SG,27,1
4,135,GSW,PG,31,11
4,527,HOU,SG,25,4
4,273,OKC,C,26,7
4,648,TOR,SF,24,4
4,551,IND,PF,21,2
4,376,IND,PG,27,5
4,319,IND,SF,27,7
4,792,CLE,C,26,3
4,136,MIN,PF,32,9
4,762,UTA,SG,22,4
4,821,PHO,PF,24,1
4,437,BRK,PF,26,5
4,763,LAC,SG,26,4
4,764,SAC,SG,25,4
4,552,OKC,SG,20,2
4,233,ORL,SG,28,8
4,377,CHO,PG,25,5
4,71,ATL,SF,32,11
4,79,TOT,PF,33,15
4,378,MIL,SF,30,5
4,649,DAL,SF,26,4
4,528,TOT,C,25,6
4,449,MIL,C,20,2
4,327,MIL,PG,28,5
4,274,NYK,SG,26,6
4,198,LAC,PF,25,7
4,529,OKC,C,23,4
4,279,ATL,SG,29,8
4,530,IND,SF,31,5
4,650,ATL,PG,23,4
4,793,WAS,PG,24,3
4,453,CHO,SG,23,1
4,453,CHO,SG,24,2
4,453,BRK,SG,25,3
4,32,TOT,SF,33,15
4,32,PHO,SF,33,15
4,32,WAS,SF,33,15
4,280,TOT,PG,26,6
4,280,NYK,PG,26,6
4,280,DAL,PG,26,6
4,379,TOT,PF,26,7
4,202,TOT,PF,30,11
4,651,CHI,SF,22,4
4,285,MEM,SG,25,4
4,285,PHO,SG,26,5
4,285,PHO,SG,27,6
4,765,GSW,SG,25,4
4,794,BRK,PF,23,2
4,794,DET,SF,23,2
4,794,CHI,PF,24,3
4,766,MIA,SG,23,4
4,328,PHO,PG,26,5
4,328,TOT,PG-SG,27,6
4,328,PHO,PG,27,6
4,245,BOS,C,27,5
4,544,LAC,PG,24,2
4,9,PHO,C,34,16
4,380,MEM,PG,23,5
4,18,MIA,C,39,17
4,822,ORL,PF,24,1
4,275,HOU,SG,28,8
4,1,MEM,SF,40,19
4,805,PHI,C,27,2
4,139,TOT,SG,31,10
4,652,ORL,PF,22,4
4,767,LAC,PF,24,3
4,767,LAL,PF,24,3
4,767,LAL,PF,25,4
4,545,DAL,SF,26,4
4,137,DAL,SF,32,10
4,234,DEN,SG,31,10
4,823,HOU,PF,26,1
4,385,GSW,C,26,5
4,385,DAL,C,26,5
4,385,DAL,C,27,6
4,85,DEN,SF,29,9
4,450,DAL,SG,24,2
4,653,TOR,SF,27,4
4,532,POR,PF,22,3
4,320,CHI,SF,24,6
4,824,TOT,SG,22,1
4,824,LAL,SG,22,1
4,824,GSW,SG,22,1
4,687,PHI,SG,19,1
4,768,NOP,PF,22,3
4,795,UTA,SF,26,2
5,302,ORL,PF,23,5
5,302,ORL,PF,24,6
5,302,TOT,PF,25,7
5,610,WAS,PG,25,4
5,825,IND,SF,23,3
5,533,OKC,SF,25,2
5,796,CHI,SF,21,1
5,75,BOS,C,32,12
5,168,POR,PF,26,7
5,168,POR,PF,27,8
5,168,POR,PF,28,9
5,185,TOT,SG,27,8
5,826,OKC,PF,21,3
5,492,LAL,PG,25,3
5,257,ATL,C,25,6
5,257,TOT,C,26,7
5,257,ATL,C,26,7
5,534,GSW,SF,26,2
5,611,WAS,PF,25,4
5,902,IND,C,26,1
5,713,LAC,SG,24,3
5,220,DET,C,26,8
5,220,CLE,C,26,8
5,220,TOT,C,27,9
5,30,GSW,SF,35,15
5,281,OKC,SF,25,4
5,303,MIN,SF,23,5
5,612,POR,SG,21,3
5,221,NOP,C,25,7
5,827,MIN,SG,21,3
5,828,WAS,PF,30,3
5,829,GSW,SF,25,3
5,112,SAC,PF,31,9
5,874,TOR,PG,23,2
5,238,DET,C,30,5
5,903,MIN,PG,21,1
5,222,TOT,SG,26,7
5,222,WAS,SG,26,7
5,222,HOU,SG,26,7
5,160,TOT,SG,27,8
5,160,DET,SG,27,8
5,160,LAC,SG,27,8
5,386,TOT,SF,24,2
5,493,MIA,PF,22,3
5,276,MEM,SG,24,5
5,276,SAC,SG,25,6
5,276,HOU,SF,26,7
5,494,PHI,PG,22,2
5,186,CHO,C,26,8
5,155,LAC,PF,28,8
5,155,DET,PF,28,8
5,155,DET,PF,29,9
5,354,TOT,PF,23,4
5,714,DEN,PF,22,3
5,655,GSW,PG,31,3
5,655,CHO,PG,31,3
5,655,TOT,PG,32,4
5,223,WAS,SG,25,7
5,715,MEM,PF,25,3
5,656,ATL,PG,24,2
5,414,LAL,SF,21,3
5,797,IND,SF,21,1
5,875,HOU,SG,24,1
5,875,CLE,SG,24,1
5,875,BOS,SG,25,2
5,99,MIL,C,30,11
5,613,BRK,PG,24,3
5,329,TOR,SF,21,3
5,716,HOU,C,24,4
5,415,MIL,SG,27,5
5,416,SAC,SG,26,3
5,717,MIA,SF,26,3
5,718,NYK,SF,23,4
5,719,PHO,PF,26,4
5,876,ATL,SF,25,2
5,355,CHI,PG,22,2
5,667,MIN,SG,23,1
5,667,TOT,SF,25,2
5,667,SAS,SF,25,2
5,417,TOT,SG,26,5
5,417,BRK,SG,26,5
5,417,IND,SG,26,5
5,19,OKC,PF,33,15
5,769,BOS,SG,22,2
5,877,DET,SG,22,2
5,878,WAS,PG,23,2
5,495,CLE,SF,24,3
5,657,CHI,SF,23,2
5,657,TOT,SF,24,3
5,657,CHI,SF,24,3
5,770,DAL,SG,24,3
5,445,TOT,PG,23,1
5,614,SAC,C,23,3
5,496,TOR,C,27,3
5,658,TOT,PG,24,2
5,46,HOU,PG,33,14
5,720,TOT,PF,25,3
5,720,MIN,PF,25,3
5,720,MIA,PF,25,3
5,356,MIL,PF,23,3
5,830,ORL,SF,24,3
5,879,POR,SF,21,2
5,258,POR,SG,29,8
5,304,HOU,C,24,5
5,721,CHI,PG,21,3
5,722,CHO,SF,26,3
5,259,CHO,C,26,6
5,831,ORL,PG,22,3
5,615,CLE,SG,22,3
5,187,IND,PG,27,8
5,187,SAC,PG,28,9
5,187,TOT,PG,29,10
5,110,ORL,PG,32,12
5,110,TOT,PG,33,13
5,110,MIL,PG,33,13
5,535,MIL,PF,22,2
5,535,MIL,PF,23,3
5,535,TOT,PF,24,4
5,357,GSW,PG,23,5
5,880,MEM,SG,26,2
5,418,TOT,C,25,5
5,418,PHO,C,25,5
5,418,LAL,C,25,5
5,418,SAC,C,25,5
5,224,POR,PG,28,7
5,497,GSW,SG,27,3
5,536,NYK,SG,24,2
5,723,CHI,PF,22,2
5,723,WAS,C,22,2
5,723,WAS,C,23,3
5,881,TOR,C,22,2
5,498,BOS,C,28,4
5,498,CHI,C,28,4
5,498,TOT,C,29,5
5,111,LAC,SF,29,9
5,127,PHI,SF,33,12
5,330,UTA,PG,21,2
5,419,TOT,SF,28,6
5,771,TOT,SG,23,2
5,771,SAC,SG,23,2
5,771,HOU,SG,23,2
5,724,OKC,PF,21,3
5,725,CLE,PG,22,3
5,239,NOP,SF,27,4
5,439,CHI,SG,25,2
5,500,SAC,PG,22,3
5,726,ATL,SF,24,3
5,616,MEM,PG,22,3
5,727,CLE,PF,25,3
5,617,PHO,C,22,3
5,100,NYK,C,30,11
5,440,ATL,SG,25,4
5,882,DET,SG,21,2
5,420,SAS,PG,23,3
5,358,TOT,PG,26,4
5,358,TOR,PG,26,4
5,358,MEM,PG,26,4
5,128,SAS,SG,29,10
5,161,NOP,C,27,8
5,161,GSW,C,28,9
5,161,TOT,C,30,10
5,832,WAS,SF,22,3
5,501,DAL,PG,21,2
5,501,NYK,PG,21,2
5,501,NYK,PG,22,3
5,441,CHI,SG,27,4
5,162,UTA,C,26,8
5,421,PHO,SF,20,2
5,101,CLE,PG,29,9
5,101,MIN,PG,29,9
5,101,MIN,PG,30,10
5,502,TOT,SG,27,5
5,833,MEM,SG,24,3
5,359,PHO,SG,22,4
5,883,ORL,PG,25,2
5,834,SAS,SG,22,3
5,835,WAS,PG,23,3
5,772,LAL,PF,24,2
5,619,TOT,PG,27,5
5,260,ATL,C,29,6
5,884,POR,SG,22,2
5,503,MEM,SG,24,3
5,422,IND,PF,24,5
5,504,UTA,SG,23,3
5,798,TOT,C-PF,22,1
5,620,MIL,SG,25,4
5,423,DAL,PF,27,5
5,305,OKC,SF,25,3
5,225,GSW,PF,28,7
5,621,SAS,C,24,4
5,622,MIA,SF,26,3
5,546,CHO,SG,22,1
5,31,CHO,C,32,14
5,306,DAL,C,27,5
5,885,CLE,SF,25,2
5,203,NOP,SG,27,6
5,163,POR,C,28,8
5,505,IND,PG,23,2
5,321,TOT,PG,23,4
5,904,MIL,SG,25,1
5,886,POR,SG,23,2
5,200,NYK,C,25,7
5,164,TOT,PG,28,8
5,102,HOU,SG,32,13
5,773,GSW,PF,24,2
5,226,ORL,SG,26,7
5,226,ORL,SF,27,8
5,226,TOT,SF-SG,28,9
5,836,DAL,PG,31,3
5,660,NOP,PG,21,2
5,360,PHO,C,27,6
5,547,SAC,PG,23,1
5,506,NYK,PG,21,3
5,424,TOR,PG,24,3
5,887,ORL,PF,24,2
5,507,PHI,SG,22,3
5,728,MIA,PG,25,3
5,888,OKC,PF,26,2
5,129,TOT,SG,32,9
5,729,HOU,SG,26,4
5,661,TOT,SF-PF,25,2
5,661,HOU,PF,25,2
5,661,ORL,SF,25,2
5,661,TOT,PF-SF,26,3
5,307,DEN,SG,24,5
5,307,DEN,SG,25,6
5,307,TOT,SG,26,7
5,425,MIL,PG,25,2
5,623,TOT,SG,22,3
5,623,POR,SG,22,3
5,623,TOR,SG,22,3
5,103,TOT,PG,32,11
5,103,CLE,PG,32,11
5,103,MIL,PG,32,11
5,426,UTA,PF,25,3
5,261,MIL,PF,24,6
5,331,IND,SF,23,3
5,730,IND,C,23,4
5,104,MIA,PG,34,13
5,156,BOS,PF,28,9
5,262,MIN,C,29,6
5,262,TOT,C,30,7
5,262,MIN,C,30,7
5,905,CHO,PG,23,1
5,731,BOS,PF,23,3
5,624,MEM,SG,25,3
5,906,DEN,PF,27,1
5,625,TOT,SG-SF,22,3
5,625,OKC,SG,22,3
5,625,DET,SF,22,3
5,227,TOT,PF-SF,26,7
5,668,SAC,PF,20,1
5,166,MIA,C,28,6
5,446,DET,PF,20,1
5,774,TOT,SF,22,2
5,774,NYK,SF,22,2
5,774,PHI,SF,22,2
5,774,ORL,SF,22,2
5,204,CLE,SG,26,6
5,837,NYK,PG,23,3
5,663,WAS,SF,20,2
5,838,CLE,SF,22,3
5,627,TOT,C,22,3
5,627,DEN,C,22,3
5,627,CLE,C,22,3
5,839,OKC,SG,23,3
5,732,OKC,PF,23,3
5,840,DET,C,21,3
5,201,DEN,SG,29,8
5,157,WAS,PG,32,11
5,427,TOT,C,21,3
5,69,LAC,SG,32,11
5,69,PHI,SG,33,12
5,69,PHI,SG,34,13
5,733,MEM,PG,22,3
5,322,MIL,PF,22,4
5,322,TOT,PF,23,5
5,322,CHI,PF,23,5
5,841,MIN,PF,22,3
5,228,CLE,SF,27,6
5,842,HOU,SF,27,3
5,387,PHI,C,21,2
5,889,SAC,SG,20,2
5,332,SAC,SF,24,3
5,442,POR,SF,23,2
5,428,SAS,C,25,5
5,628,DAL,PG,24,3
5,907,TOR,SG,22,1
5,799,PHO,SG,19,1
5,734,CHO,SF,25,4
5,843,IND,PF,22,3
5,429,DEN,PG,20,2
5,323,TOT,SF,28,5
5,130,TOT,PG-SG,31,12
5,130,HOU,SG,31,12
5,130,BRK,PG,31,12
5,131,MIA,PF,31,10
5,131,TOT,PF-C,32,11
5,131,MIA,PF,32,11
5,282,TOT,SF,28,2
5,844,DET,C,21,2
5,308,TOT,PF,28,5
5,80,PHO,PF,31,10
5,775,NYK,PG,23,2
5,629,MEM,C,21,3
5,630,MIN,PF,21,3
5,800,UTA,PF,23,1
5,508,BRK,C,21,3
5,508,TOT,C,22,4
5,508,BRK,C,22,4
5,735,MEM,SG,22,3
5,105,LAL,C,31,11
5,105,LAL,C,32,12
5,105,TOT,C,33,13
5,736,BOS,SF,27,2
5,736,CHI,SG,27,2
5,736,CHI,SF,28,3
5,737,NOP,C,21,3
5,890,LAC,SG,21,2
5,669,ATL,PG,22,1
5,430,BOS,SG,22,3
5,776,OKC,SF,21,2
5,738,MIN,SG,22,3
5,509,BOS,PF,21,3
5,76,WAS,PF,32,11
5,140,IND,PG,28,8
5,140,MIN,PG,29,9
5,140,MIN,PG,30,10
5,309,OKC,PF,22,3
5,801,BRK,PG,23,1
5,235,IND,SG,27,8
5,670,LAC,SG,21,1
5,631,BRK,PG,26,4
5,188,TOT,SF-SG,29,8
5,310,BRK,SG,27,5
5,311,UTA,PF,31,5
5,431,PHI,C,24,3
5,510,ATL,PF,22,3
5,739,MEM,SG,25,3
5,158,WAS,PG,27,8
5,908,MEM,PF,21,1
5,539,GSW,C,24,2
5,539,TOT,C,25,3
5,539,MIN,C,25,3
5,802,DET,PG,22,1
5,312,LAL,SG,25,4
5,740,MIN,PG,25,3
5,845,IND,SF,24,3
5,741,GSW,SG,22,3
5,846,DAL,SG,22,3
5,909,OKC,SF,20,1
5,512,POR,SG,26,5
5,540,DET,SG,23,4
5,632,MIN,SG,22,3
5,361,BOS,SG,28,7
5,132,NOP,SG,28,10
5,742,LAL,SF,29,4
5,313,NOP,PF,24,5
5,229,IND,SG,31,8
5,513,DAL,PF,24,3
5,513,TOT,SF,25,4
5,513,OKC,SF,25,4
5,803,SAC,SF,23,1
5,548,MIN,C,20,1
5,777,SAC,PG,24,3
5,362,MEM,SF,24,6
5,778,TOR,PF,24,3
5,363,MIN,C,23,4
5,189,SAS,SF,26,7
5,633,MIN,PF,24,2
5,779,IND,SF,26,3
5,743,SAS,SF,22,3
5,891,POR,SF,26,2
5,263,MIA,PF,27,6
5,263,MIA,C,28,7
5,263,TOT,C-PF,29,8
5,364,TOT,SF,23,4
5,190,CHO,PG,28,8
5,744,LAL,SG,27,3
5,634,OKC,PF,26,3
5,236,ATL,SG,28,6
5,264,LAL,SG,25,6
5,847,HOU,SF,22,3
5,77,GSW,SF,30,12
5,635,ATL,SG,22,3
5,636,TOT,PF-SF,23,5
5,106,CLE,PF,32,13
5,745,HOU,PG,21,3
5,365,GSW,C,22,4
5,514,ORL,C,27,3
5,514,TOT,C,28,4
5,514,ORL,C,28,4
5,230,MIL,SF,27,7
5,671,DET,SG,22,1
5,848,DET,PG,21,3
5,892,MEM,C,23,2
5,849,NOP,PG,21,3
5,672,DAL,PF,21,1
5,432,CHI,PG,24,3
5,366,TOT,PF,26,6
5,314,MEM,SF,25,5
5,780,SAC,PG,23,2
5,515,LAL,PF,24,3
5,63,TOR,PG,32,13
5,192,BRK,PG,28,10
5,746,MIA,PF,22,3
5,850,CLE,PF,25,3
5,66,SAS,C,32,12
5,66,SAS,C,33,13
5,66,SAS,C,34,14
5,851,CHO,PG,21,3
5,637,LAC,SG,21,1
5,324,DET,SG,26,4
5,367,CLE,C,26,4
5,516,CHI,PF,22,3
5,17,LAL,SF,34,16
5,638,SAS,SG,22,3
5,541,LAL,PG,21,2
5,48,LAL,SG,30,12
5,48,HOU,SG,30,12
5,48,LAC,SG,31,13
5,781,SAC,SF,21,2
5,747,OKC,SG,22,3
5,639,DAL,PG,21,3
5,517,LAC,SG,25,5
5,518,BOS,C,25,4
5,518,TOT,C,26,5
5,518,CLE,C,26,5
5,852,TOR,PG,24,3
5,433,MIL,SG,26,3
5,434,DEN,SG,23,4
5,893,BOS,PF,24,2
5,519,CHO,SG,21,3
5,853,CLE,PF,26,3
5,113,MEM,C,32,9
5,193,BOS,PF,29,8
5,315,BOS,SG,24,5
5,520,ORL,PG,21,3
5,194,OKC,PF,29,8
5,894,DEN,SG,22,2
5,804,CLE,C,21,1
5,443,PHO,PF,20,2
5,640,SAC,PF,22,4
5,895,HOU,SG,22,1
5,895,PHI,SG,22,1
5,895,LAL,SG,23,2
5,265,DEN,C,28,6
5,748,PHI,SG,25,4
5,784,TOT,SG,26,2
5,784,TOR,SG,26,2
5,784,UTA,SG,26,2
5,266,MIL,PG,27,5
5,237,POR,SF,24,6
5,237,POR,SF,25,7
5,237,TOT,PF-SF,26,8
5,749,MIA,SF,25,3
5,521,DAL,PF,28,3
5,231,POR,C,25,6
5,750,TOT,PF,23,2
5,750,LAC,PF,23,2
5,750,CLE,PF,23,2
5,283,CHI,PG,25,4
5,751,DEN,SF,23,3
5,641,TOT,SF,26,5
5,78,UTA,PG,33,14
5,549,TOT,PG,27,1
5,267,LAL,PF,27,6
5,240,ATL,PF,28,5
5,666,CHO,SF,21,2
5,642,NYK,C,22,3
5,785,UTA,SG,23,2
5,643,TOT,C,24,5
5,522,DEN,PG,24,3
5,368,LAL,C,27,6
5,644,TOT,C,23,3
5,644,WAS,C,23,3
5,644,BOS,C,23,3
5,644,ORL,C,23,3
5,752,CLE,C,22,3
5,786,ORL,PG,27,3
5,369,IND,C,22,4
5,854,NOP,SF,25,3
5,753,POR,SF,21,3
5,910,CHO,SG,22,1
5,896,IND,SG,22,2
5,855,MIN,PF,25,3
5,754,MIN,C,22,3
5,383,MIN,PF,29,3
5,383,SAC,PF,30,4
5,383,SAC,PF,31,5
5,316,DAL,C,22,3
5,755,BRK,C,22,3
5,856,CHO,C,25,3
5,756,UTA,SG,24,4
5,911,GSW,PG,19,1
5,107,CHO,SF,30,11
5,370,DEN,C,24,5
5,195,ORL,C,28,8
5,195,ORL,C,29,9
5,195,TOT,C,30,10
5,317,TOT,PF,22,4
5,371,TOT,SG-SF,27,6
5,371,TOR,SG,27,6
5,371,POR,SF,27,6
5,787,TOT,C,27,2
5,787,BRK,C,27,2
5,787,SAC,C,27,2
5,787,NYK,C,27,2
5,857,NYK,PF,24,3
5,523,TOR,SF,22,3
5,858,ATL,C,22,3
5,757,IND,SF,23,3
5,268,TOT,SF,25,6
5,268,WAS,SF,25,6
5,268,CHI,SF,25,6
5,64,TOR,SF,31,6
5,64,HOU,PF,32,7
5,64,HOU,PF,33,8
5,758,CHO,C,23,3
5,435,TOR,PF,24,3
5,372,MIL,SG,26,4
5,232,LAC,PG,32,9
5,447,GSW,SG,21,1
5,169,TOR,PF,27,7
5,859,CHI,PF,21,3
5,133,SAS,PG,30,10
5,159,OKC,SF,28,9
5,67,DEN,PF,34,14
5,860,PHI,C,23,3
5,788,ATL,SF,25,1
5,861,BOS,PG,25,3
5,524,DEN,SG,23,3
5,862,TOR,C,23,3
5,448,TOT,PG,23,1
5,448,DAL,PG,23,1
5,448,NOP,PG,23,1
5,789,SAS,SG,24,2
5,863,TOT,PG,21,3
5,863,ORL,PG,21,3
5,863,DET,PG,21,3
5,68,LAL,PG,33,14
5,68,TOT,PG,34,15
5,68,ATL,PG,34,15
5,373,UTA,PG,26,4
5,673,TOT,PF,21,1
5,790,DEN,SG,24,3
5,269,TOT,SG,27,6
5,196,DET,PG,29,9
5,897,IND,PF,21,2
5,374,PHO,C,25,4
5,197,UTA,PG,28,8
5,759,NYK,SF,21,3
5,270,MIN,SF,28,6
5,912,ORL,PF,24,1
5,645,BOS,C,23,3
5,898,SAC,SF,22,2
5,108,CHI,C,30,11
5,674,BRK,SF,20,1
5,674,BRK,PF,21,2
5,674,TOT,SF-PF,22,3
5,674,BRK,PF,22,3
5,326,CLE,SG,25,4
5,326,TOT,SG,26,5
5,326,CLE,SG,26,5
5,436,MIA,SG,27,3
5,760,SAS,SG,22,3
5,388,BRK,SF,22,2
5,525,UTA,SF,26,3
5,65,SAS,PF,32,13
5,271,UTA,C,26,6
5,761,WAS,PF,24,4
5,109,WAS,PG,32,13
5,526,NYK,PG,27,5
5,864,PHO,PG,23,3
5,865,ATL,SF,23,3
5,899,MEM,SG,25,2
5,913,MEM,SF,24,1
5,791,DET,PF,20,2
5,542,BOS,PF,26,4
5,134,TOR,C,29,10
5,272,TOT,SG,31,8
5,646,OKC,SG,22,3
5,647,PHI,SG,24,3
5,543,CHI,SG,25,2
5,543,CHI,SG,26,3
5,543,TOT,SG,27,4
5,550,LAC,SG,23,1
5,550,LAC,SG,24,2
5,550,NOP,SF,25,3
5,900,ATL,SG,24,2
5,278,NOP,SF,26,5
5,318,WAS,PG,28,8
5,375,TOT,SF,22,4
5,135,GSW,PG,30,10
5,527,MIL,SF,24,3
5,273,OKC,C,25,6
5,648,TOT,SF-SG,23,3
5,648,DET,SF,23,3
5,648,OKC,SG,23,3
5,551,IND,PF,20,1
5,376,PHI,PG,26,4
5,319,IND,SF,26,6
5,792,BOS,C,25,2
5,136,OKC,PF,31,8
5,762,LAL,SG,21,3
5,437,ATL,SF,24,3
5,437,BRK,PF,25,4
5,437,TOT,PF,26,5
5,763,LAC,SF,25,3
5,764,TOR,SG,23,2
5,764,SAC,SG,23,2
5,764,SAC,SG,24,3
5,552,OKC,SG,19,1
5,233,ORL,SG,27,7
5,377,BOS,PG,24,4
5,79,CHI,PF,32,14
5,378,MIL,SF,29,4
5,649,NYK,SG,25,3
5,528,WAS,C,24,5
5,449,MIL,C,19,1
5,327,NOP,PG,28,5
5,274,TOT,SG,26,6
5,198,DET,PF,25,7
5,529,UTA,C,22,3
5,529,TOT,C,23,4
5,529,PHI,C,23,4
5,279,DET,SF,28,7
5,530,MIL,SF,30,4
5,530,PHO,SF,30,4
5,530,TOT,SF,31,5
5,650,ATL,PG,22,3
5,866,SAS,PG,23,3
5,793,TOR,PG,24,3
5,867,ATL,PG,24,3
5,32,HOU,SF,32,14
5,280,NYK,PG,25,5
5,379,SAS,PF,25,6
5,202,BOS,PF,29,10
5,651,TOT,SF,21,3
5,651,WAS,SF,21,3
5,651,CHI,SF,21,3
5,765,OKC,SG,24,3
5,914,PHO,SG,22,1
5,915,DAL,SF,22,1
5,794,CLE,PF,22,1
5,794,DEN,SF,22,1
5,794,TOT,SF-PF,23,2
5,766,MIA,SG,22,3
5,328,MIA,PG,26,5
5,901,MEM,PG,21,2
5,868,IND,PG,22,3
5,869,PHI,SG,22,3
5,380,MIN,PG,22,4
5,870,UTA,C,23,3
5,18,MIA,C,38,16
5,871,WAS,C,21,3
5,275,IND,SG,26,6
5,275,IND,SG,27,7
5,275,TOT,SG,28,8
5,275,IND,SG,28,8
5,805,BOS,C,26,1
5,139,MIA,SG,30,9
5,652,TOT,C,21,3
5,652,CHI,C,21,3
5,652,ORL,C,21,3
5,767,BRK,PF,24,3
5,545,ORL,SF,24,2
5,545,ORL,SF,25,3
5,545,TOT,SF,26,4
5,137,TOT,SF-SG,32,10
5,234,DEN,SF,30,9
5,916,NOP,C,22,1
5,385,TOT,C,26,5
5,872,MEM,PF,24,3
5,450,TOT,PG,23,1
5,450,BRK,PG,23,1
5,450,DAL,PG,23,1
5,653,TOR,SF,26,3
5,320,CHI,SG,23,5
5,873,DEN,PF,22,3
5,768,NOP,PF,20,2
6,302,ORL,PF,22,4
6,990,PHI,SF,22,1
6,610,IND,PG,23,2
6,610,IND,PG,24,3
6,610,TOT,PG,25,4
6,825,BOS,SF,22,2
6,917,OKC,SG,24,2
6,533,BOS,SF,24,1
6,991,SAC,SG,24,1
6,712,ORL,SF,24,2
6,992,IND,SG,25,1
6,75,BOS,C,31,11
6,185,UTA,SG,26,7
6,993,ORL,SF,24,1
6,826,OKC,PF,20,2
6,492,LAL,PG,24,2
6,257,PHO,C,24,5
6,534,TOR,SF,25,1
6,611,IND,PF,23,2
6,611,BRK,PF,24,3
6,611,TOT,PF,25,4
6,611,CHI,PF,25,4
6,713,LAC,SG,23,2
6,220,DET,C,24,6
6,220,DET,C,25,7
6,220,TOT,C,26,8
6,30,GSW,SF,34,14
6,303,MIN,SF,22,4
6,612,POR,SG,20,2
6,221,NOP,PF,24,6
6,827,MIN,SG,20,2
6,828,WAS,PF,29,2
6,829,SAS,SF,24,2
6,874,HOU,SG,22,1
6,874,TOT,SG-PG,23,2
6,874,HOU,SG,23,2
6,994,CHO,SF,24,1
6,918,LAL,SG,24,2
6,222,LAC,SG,25,6
6,160,BOS,SG,26,7
6,919,CHI,SG,23,2
6,654,TOT,SF,23,1
6,493,MIA,C,21,2
6,276,SAC,SG,23,4
6,186,ORL,C,25,7
6,155,TOT,PF,28,8
6,354,CHI,PF,22,3
6,714,DEN,PF,21,2
6,920,LAC,PG,22,2
6,655,BOS,PG,29,1
6,655,BOS,PG,30,2
6,655,TOT,PG,31,3
6,223,WAS,SG,24,6
6,921,LAC,SG,21,2
6,715,MEM,PF,24,2
6,656,DEN,PG,23,1
6,414,LAL,SF,20,2
6,199,PHO,SG,25,6
6,995,POR,PG,22,1
6,922,PHI,SF,24,1
6,922,DET,SF,24,1
6,922,DET,SF,25,2
6,875,TOT,SG,24,1
6,99,LAL,C,29,10
6,613,DET,PG,23,2
6,716,BOS,C,23,3
6,716,HOU,C,23,3
6,716,TOT,C,24,4
6,415,SAS,SG,24,2
6,415,SAS,SG,25,3
6,415,SAS,SG,26,4
6,416,NOP,SG,24,1
6,416,SAC,SG,24,1
6,416,SAC,SG,25,2
6,47,IND,SF,29,12
6,923,DET,PG,21,2
6,717,CHO,SF,25,2
6,718,ATL,SF,22,3
6,718,NYK,SF,22,3
6,718,TOT,SF,23,4
6,924,BRK,SG,21,2
6,719,TOT,PF,26,4
6,996,POR,SF,24,1
6,876,HOU,SF,24,1
6,355,OKC,PG,22,2
6,417,BRK,SF,23,2
6,417,BRK,SF,24,3
6,417,BRK,SG,25,4
6,925,DAL,PG,24,1
6,925,DEN,PG,24,1
6,925,CHI,PG,25,2
6,19,NYK,SF,32,14
6,769,BOS,SG,21,1
6,877,IND,SG,21,1
6,878,WAS,PG,22,1
6,997,ATL,PG,27,1
6,495,CLE,SF,23,2
6,657,CHI,SF,22,1
6,926,SAS,C,22,2
6,770,ATL,SG,22,1
6,770,OKC,SG,23,2
6,770,TOT,SG,24,3
6,998,TOT,SG-SF,23,1
6,998,LAL,SF,23,1
6,998,ATL,SG,23,1
6,438,NOP,PF,20,1
6,614,SAS,C,22,2
6,496,TOR,PF,26,2
6,658,HOU,PG,23,1
6,927,IND,SF,25,2
6,46,HOU,PG,32,13
6,720,TOT,PF,24,2
6,720,MIA,PF,24,2
6,720,SAC,PF,24,2
6,356,TOT,PF,23,3
6,830,ORL,PF,23,2
6,879,POR,SF,20,1
6,258,POR,SG,26,5
6,258,POR,SG,27,6
6,258,POR,SG,28,7
6,304,HOU,C,23,4
6,721,CHI,PG,20,2
6,722,CHO,SF,25,2
6,259,CHO,C,25,5
6,831,ORL,PG,21,2
6,615,CLE,PG,21,2
6,928,WAS,SF,23,2
6,187,IND,PG,26,7
6,999,WAS,SG,28,1
6,110,ORL,PG,29,9
6,110,ORL,PG,30,10
6,110,ORL,PG,31,11
6,535,MIL,PF,21,1
6,357,TOT,PG,23,5
6,929,HOU,PG,20,2
6,880,PHI,SG,25,1
6,930,TOR,PG,23,2
6,418,ATL,C,24,4
6,224,POR,PG,27,6
6,497,GSW,SG,26,2
6,536,NYK,SG,23,1
6,723,TOT,PF-C,22,2
6,881,LAC,C,21,1
6,498,BOS,C,26,2
6,498,BOS,C,27,3
6,498,TOT,C,28,4
6,111,DEN,SF,28,8
6,127,LAL,SG,32,11
6,419,PHO,SG,24,2
6,419,HOU,SF,25,3
6,419,HOU,SF,26,4
6,419,HOU,SF,27,5
6,771,SAC,SG,22,1
6,724,OKC,PF,20,2
6,725,CLE,PG,21,2
6,138,SAC,PG,29,8
6,931,BRK,SG,23,2
6,1000,TOR,SG,20,1
6,439,LAL,SG,24,1
6,932,SAC,PG,24,2
6,499,TOT,SG,27,4
6,933,BRK,C,21,2
6,500,SAC,PG,21,2
6,726,ATL,SF,23,2
6,616,MEM,PG,21,2
6,727,CLE,PF,24,2
6,617,PHO,C,21,2
6,100,LAC,C,29,10
6,100,TOT,C,30,11
6,100,DAL,C,30,11
6,440,ATL,SF,22,1
6,440,ATL,SF,23,2
6,440,ATL,SG,24,3
6,882,DET,SG,20,1
6,1001,IND,SG,24,1
6,420,SAS,PG,21,2
6,358,TOR,PG,25,3
6,128,TOR,SG,28,9
6,161,TOT,C,26,7
6,161,SAC,C,26,7
6,161,NOP,C,26,7
6,832,WAS,SF,21,2
6,501,TOT,PG,21,2
6,441,CHI,SG,23,1
6,441,CHI,SG,24,2
6,441,CHI,SF,26,3
6,162,UTA,PF,25,7
6,421,TOT,SF,20,2
6,101,TOT,PG,29,9
6,537,MIA,PG,22,1
6,502,SAS,PG,24,2
6,502,SAS,SG,25,3
6,502,SAS,SG,26,4
6,833,MEM,SG,23,2
6,359,PHO,SG,21,3
6,883,ORL,PG,24,1
6,834,SAS,SF,21,2
6,835,CHI,PG,22,2
6,772,LAL,C,23,1
6,619,NOP,PG,26,4
6,260,ATL,C,28,5
6,884,NOP,SF,21,1
6,884,TOT,SG-SF,22,2
6,884,NOP,SF,22,2
6,503,MEM,SF,23,2
6,422,IND,C,21,2
6,422,IND,C,22,3
6,422,IND,PF,23,4
6,504,UTA,SG,22,2
6,620,MIL,SG,23,2
6,620,MIL,SG,24,3
6,620,TOT,SG,25,4
6,423,DAL,PF,26,4
6,305,CHI,SF,25,3
6,225,GSW,PF,27,6
6,621,SAS,C,22,2
6,621,SAS,C,23,3
6,621,TOT,C,24,4
6,934,PHO,SG,22,2
6,622,MIA,SG,25,2
6,31,ATL,C,31,13
6,306,DAL,C,26,4
6,885,CLE,SF,24,1
6,163,POR,PF,27,7
6,321,ORL,PG,22,3
6,886,UTA,SF,22,1
6,886,TOT,SG-SF,23,2
6,886,UTA,SF,23,2
6,659,TOT,PF,22,1
6,381,DEN,PG,20,2
6,200,OKC,C,24,6
6,164,PHO,PG,27,7
6,102,HOU,SF,31,12
6,773,GSW,PF,23,1
6,935,OKC,SF,25,2
6,226,ORL,SF,25,6
6,936,CLE,PF,21,2
6,836,DEN,PG,30,2
6,1002,NYK,SF,22,1
6,660,NOP,PG,20,1
6,360,PHO,C,26,5
6,506,NYK,PG,20,2
6,937,ORL,SF,21,2
6,424,TOR,PG,23,2
6,887,TOR,PF,23,1
6,507,PHI,SG,21,2
6,728,MIA,PG,24,2
6,1003,IND,SG,28,1
6,888,OKC,PF,25,1
6,1004,PHO,SG,27,1
6,129,SAC,SG,31,8
6,729,TOT,SG,26,4
6,661,HOU,PF,24,1
6,307,DEN,SG,23,4
6,425,TOT,PG,25,2
6,623,POR,SF,21,2
6,103,CLE,PG,31,10
6,662,PHO,SF,25,1
6,426,UTA,PF,24,2
6,1005,TOT,SF,23,1
6,1005,MIL,SF,23,1
6,1005,OKC,SF,23,1
6,261,MIL,PF,23,5
6,730,TOT,C,23,4
6,104,MIA,PG,31,10
6,104,MIA,PG,32,11
6,104,MIA,PG,33,12
6,156,BOS,SF,27,8
6,262,MIN,C,28,5
6,731,BOS,PF,22,2
6,624,MEM,SG,24,2
6,938,POR,PF,21,2
6,165,MIL,C,26,7
6,165,TOT,C,27,8
6,165,MIL,C,27,8
6,165,PHO,C,27,8
6,165,BOS,C,27,8
6,625,OKC,SF,21,2
6,227,DAL,PF,25,6
6,166,MIA,C,27,5
6,1006,ORL,PG,25,1
6,626,MIA,SF,25,2
6,939,NOP,SF,24,2
6,774,NYK,SF,21,1
6,837,NYK,PG,22,2
6,663,LAL,PG,19,1
6,838,CLE,SF,21,2
6,627,HOU,C,21,2
6,940,IND,C,21,2
6,839,PHI,SG,22,2
6,941,DET,PF,24,2
6,732,OKC,PF,22,2
6,840,DET,C,20,2
6,201,BOS,PG,27,6
6,201,TOT,PG,28,7
6,201,CLE,PG,28,7
6,201,LAL,PG,28,7
6,942,WAS,PF,21,2
6,157,DET,PG,29,8
6,157,DET,PG,30,9
6,157,WAS,PG,31,10
6,943,PHO,SF,28,2
6,427,LAL,C,20,2
6,733,MEM,PG,21,2
6,322,MIL,PF,21,3
6,841,MIN,PF,21,2
6,944,PHI,SG,20,2
6,228,TOT,SF,27,6
6,842,HOU,PF,26,2
6,889,SAC,SG,19,1
6,1007,WAS,C,24,1
6,442,POR,SF,22,1
6,428,SAS,C,24,4
6,628,DAL,PG,23,2
6,945,HOU,SG,20,2
6,946,ATL,SF,21,2
6,734,TOT,SF,25,4
6,843,TOT,PF,21,2
6,843,PHO,PF,21,2
6,843,IND,PF,21,2
6,947,ORL,PG,21,2
6,948,CHO,SG,22,2
6,323,MEM,SF,26,3
6,323,TOT,SF,27,4
6,323,MEM,SF,27,4
6,323,DET,SF,27,4
6,130,HOU,SG,28,9
6,130,HOU,PG,29,10
6,130,HOU,SG,30,11
6,131,MIA,PF,30,9
6,1008,DET,PF,24,1
6,308,MEM,PF,27,4
6,1009,DAL,PG,24,1
6,1010,UTA,SG,21,1
6,775,PHO,PG,22,1
6,629,MEM,C,20,2
6,630,MIN,PF,20,2
6,508,BRK,C,20,2
6,735,MIN,SG,21,2
6,1011,POR,SG,24,1
6,105,GSW,C,30,10
6,1012,MIL,C,23,1
6,736,TOT,SF-SG,27,2
6,1013,TOT,PG,22,1
6,1013,MIL,PG,22,1
6,1013,MIA,PG,22,1
6,737,NOP,C,20,2
6,1014,LAL,C,23,1
6,890,LAC,SG,20,1
6,430,BOS,SG,21,2
6,776,POR,PF,20,1
6,538,ATL,SG,22,1
6,738,MIN,SG,21,2
6,1015,DET,PG,27,1
6,509,BOS,SF,20,2
6,949,GSW,PG,24,1
6,949,MIL,PG,24,1
6,949,ORL,PG,24,1
6,949,TOR,PG,25,2
6,76,CLE,PF,31,10
6,664,LAL,SF,23,1
6,309,PHI,PF,22,3
6,950,OKC,PF,22,2
6,235,CHO,SG,24,5
6,235,CHO,SG,25,6
6,235,CHO,SG,26,7
6,951,NYK,C,24,2
6,631,PHO,PG,24,2
6,631,PHO,PG,25,3
6,631,TOT,PG,26,4
6,188,MIN,SG,28,7
6,952,PHO,C,27,2
6,310,BRK,SG,26,4
6,311,UTA,SF,30,4
6,8,UTA,SF,35,16
6,953,TOR,SF,23,2
6,1016,WAS,SG,21,1
6,431,PHI,C,23,2
6,510,ATL,PF,21,2
6,739,MEM,SG,24,2
6,1017,MEM,C,24,1
6,954,GSW,PF,20,2
6,539,GSW,C,23,1
6,312,TOT,SG,25,4
6,955,WAS,PG,24,2
6,740,MIN,PG,24,2
6,845,MIL,SF,24,3
6,741,GSW,SG,21,2
6,956,WAS,SF,24,2
6,957,NOP,PG,24,2
6,958,HOU,SG,21,2
6,959,OKC,SG,20,2
6,846,DAL,SG,21,2
6,512,NOP,SF,25,4
6,512,TOT,SG,26,5
6,512,NOP,SG,26,5
6,540,PHO,SF,20,1
6,540,PHO,SG,21,2
6,540,MEM,SF,22,3
6,632,MIN,SG,21,2
6,361,PHI,SG,26,5
6,361,DAL,SG,27,6
6,361,TOT,SG,28,7
6,960,SAS,SG,20,2
6,132,NOP,SG,27,9
6,961,CHO,PF,20,2
6,742,TOT,SF,29,4
6,313,LAL,C,23,4
6,382,TOT,SF,23,2
6,382,DAL,SF,23,2
6,382,PHI,SF,23,2
6,962,TOR,SF,21,2
6,229,CHI,SG,29,6
6,229,MEM,SG,29,6
6,229,IND,SF,30,7
6,513,TOT,SF,23,2
6,513,SAC,SF,23,2
6,513,DAL,SF,23,2
6,777,WAS,PG,22,1
6,777,OKC,PG,23,2
6,777,TOT,PG,24,3
6,777,MIL,PG,24,3
6,362,MIA,PF,21,3
6,362,MIA,SF,22,4
6,362,MIA,SG,23,5
6,778,UTA,PF,22,1
6,778,UTA,PF,23,2
6,778,TOT,PF,24,3
6,963,CHO,C,22,2
6,363,MIN,C,22,3
6,1018,IND,PG,28,1
6,633,TOT,PF-SF,24,2
6,779,MIN,SF,24,1
6,779,IND,SF,25,2
6,779,TOT,SF,26,3
6,743,SAS,SF,21,2
6,891,POR,SF,25,1
6,263,MIA,PF,26,5
6,364,WAS,SF,22,3
6,190,CHO,PG,27,7
6,634,NOP,PF,25,2
6,236,ATL,SF,27,5
6,264,LAL,SG,24,5
6,847,HOU,SF,21,2
6,964,LAC,SG,19,1
6,964,POR,SG,19,1
6,964,POR,SG,20,2
6,965,SAC,SF,22,2
6,77,GSW,SF,29,11
6,635,ATL,SG,21,2
6,636,TOT,SF,22,4
6,636,NYK,SF,22,4
6,636,ATL,SF,22,4
6,106,CLE,PF,31,12
6,1019,CLE,PG,29,1
6,745,HOU,SG,20,2
6,365,GSW,C,21,3
6,514,ORL,C,26,2
6,230,MIL,SF,26,6
6,848,DET,PG,20,2
6,892,MEM,C,22,1
6,849,NOP,PG,20,2
6,191,GSW,SG,27,7
6,432,CHI,PG,23,2
6,366,NYK,PF,22,3
6,366,DAL,C,24,4
6,366,DAL,C,25,5
6,314,SAS,SF,24,4
6,780,SAC,SG,22,1
6,515,LAL,PF,23,2
6,63,TOR,PG,31,12
6,192,BRK,PG,27,9
6,746,MIA,PF,21,2
6,850,CLE,PF,24,2
6,66,SAS,PF,31,11
6,851,CHO,PG,20,2
6,167,TOT,SG,26,7
6,167,NOP,SG,26,7
6,167,MIN,SG,26,7
6,637,PHI,SG,21,1
6,324,TOT,PG,25,3
6,324,NOP,PG,25,3
6,324,SAC,PG,25,3
6,367,TOT,C,25,3
6,367,LAL,C,25,3
6,367,CLE,C,25,3
6,516,CHI,PF,21,2
6,966,UTA,SG,22,2
6,17,CLE,PF,33,15
6,1020,MIL,PG,23,1
6,967,OKC,SG,25,2
6,638,SAS,SG,21,2
6,541,LAL,PG,20,1
6,48,TOT,SG,30,12
6,781,DET,SF,20,1
6,747,OKC,SG,21,2
6,639,DAL,PG,20,2
6,968,MIN,C,24,2
6,517,LAC,SG,24,4
6,518,NYK,PF,23,2
6,518,CHI,C,24,3
6,518,TOT,C-PF,25,4
6,518,CHI,PF,25,4
6,1021,PHO,SG,23,1
6,1022,TOT,SG-PG,23,1
6,1022,CHI,PG,23,1
6,1022,LAL,SG,23,1
6,852,TOR,PG,23,2
6,433,MIL,PG,25,2
6,969,ATL,SG,26,1
6,969,CHI,SF,26,1
6,969,CHI,SF,27,2
6,434,TOT,SG,23,4
6,893,LAC,PF,23,1
6,893,TOT,PF,24,2
6,893,UTA,PF,24,2
6,519,CHO,SG,20,2
6,782,CLE,SG,22,1
6,853,OKC,PF,25,2
6,1023,MIA,SG,23,1
6,193,BOS,PF,28,7
6,315,BOS,SG,23,4
6,520,PHI,SG,20,2
6,194,WAS,PF,29,8
6,970,CHI,C,23,2
6,894,DEN,SG,21,1
6,443,PHO,PF,19,1
6,640,SAC,C,20,2
6,640,SAC,PF,21,3
6,640,TOT,PF,22,4
6,895,TOT,SG,22,1
6,265,DEN,C,27,5
6,748,TOT,SG,25,4
6,783,CLE,SG,22,1
6,971,MIN,SF,25,2
6,784,TOR,SG,25,1
6,237,POR,SF,23,5
6,749,MIA,SF,24,2
6,521,DAL,PF,27,2
6,972,DAL,PG,24,2
6,665,ORL,SG,22,1
6,973,UTA,PF,24,2
6,751,DEN,SF,22,2
6,641,PHO,SF,25,4
6,78,UTA,PG,32,13
6,267,PHI,PF,27,6
6,666,CHO,SF,20,1
6,974,NYK,PG,22,2
6,642,NYK,C,21,2
6,785,UTA,SF,22,1
6,643,ORL,C,23,4
6,522,DEN,PG,23,2
6,368,LAC,C,24,3
6,368,LAC,C,25,4
6,368,LAC,C,26,5
6,644,WAS,C,22,2
6,752,OKC,C,21,2
6,752,TOT,C,22,3
6,752,DAL,C,22,3
6,975,GSW,SG,20,2
6,1024,TOT,PF,23,1
6,1024,LAC,PF,23,1
6,1024,DAL,PF,23,1
6,786,GSW,SF,25,1
6,786,GSW,PG,26,2
6,786,TOT,PG,27,3
6,1025,PHI,PG,24,1
6,369,IND,C,21,3
6,854,NOP,SF,24,2
6,753,POR,PF,20,2
6,896,DAL,SG,21,1
6,855,MIN,PF,24,2
6,754,MIN,C,21,2
6,976,SAC,C,23,2
6,383,MIN,PF,28,2
6,316,PHI,C,22,3
6,755,BRK,C,21,2
6,856,CHO,C,24,2
6,756,NOP,SG,23,3
6,756,UTA,SG,23,3
6,756,TOT,SG,24,4
6,107,CHO,SG,29,10
6,325,PHI,SG,23,3
6,325,TOT,SG,24,4
6,325,PHI,SG,24,4
6,370,DEN,C,23,4
6,195,ORL,C,27,7
6,371,TOR,SG,24,3
6,371,TOR,SG,25,4
6,371,TOR,SG,26,5
6,787,PHI,C,26,1
6,857,NYK,PF,23,2
6,523,TOR,SF,21,2
6,1026,OKC,C,22,1
6,1027,MIA,C,23,1
6,858,ATL,C,21,2
6,757,IND,SF,22,2
6,268,WAS,SF,24,5
6,64,PHO,SF,31,6
6,758,CHO,PF,22,2
6,1028,PHO,SF,26,1
6,435,TOR,PF,23,2
6,372,POR,SG,25,3
6,232,LAC,PG,31,8
6,859,CHI,PF,20,2
6,133,SAS,PG,29,9
6,159,OKC,SF,27,8
6,67,ATL,PF,31,11
6,67,DEN,PF,32,12
6,67,DEN,PF,33,13
6,860,PHI,C,22,2
6,788,TOT,SF,25,1
6,861,BOS,PG,24,2
6,1029,DEN,PF,26,1
6,524,BOS,SG,22,2
6,862,TOR,C,22,2
6,977,NYK,SG,22,2
6,789,SAS,SG,23,1
6,863,ORL,SG,20,2
6,68,CHI,PG,30,11
6,68,NOP,PG,31,12
6,68,LAL,PG,32,13
6,373,UTA,PG,25,3
6,790,UTA,SG,22,1
6,790,PHI,PG,23,2
6,790,TOT,SG,24,3
6,269,DET,SF,26,5
6,196,TOT,SG-PG,29,9
6,897,BRK,PF,20,1
6,897,TOT,PF,21,2
6,897,POR,PF,21,2
6,374,PHI,C,24,3
6,197,UTA,PG,27,7
6,759,NYK,SG,20,2
6,1030,CLE,SG,22,1
6,1031,OKC,SG,25,1
6,270,PHI,SF,27,5
6,270,TOT,SF,28,6
6,270,PHI,SF,28,6
6,645,BOS,C,22,2
6,898,SAC,SF,21,1
6,108,CHI,C,29,10
6,326,UTA,SG,24,3
6,326,TOT,SG,25,4
6,326,UTA,SG,25,4
6,436,MIA,SG,26,2
6,760,BOS,SG,21,2
6,760,TOT,SG,22,3
6,760,BOS,SG,22,3
6,525,UTA,SF,25,2
6,65,SAS,PF,31,12
6,271,UTA,C,25,5
6,761,TOT,PF,24,4
6,109,HOU,PG,31,12
6,526,CHI,PG,26,4
6,864,PHI,PG,23,3
6,865,DET,SF,23,3
6,384,HOU,PF,22,2
6,978,BOS,PF,25,2
6,899,MIL,SG,24,1
6,979,MIL,C,23,2
6,980,MEM,PF,22,2
6,981,TOR,PF,21,2
6,1032,CHO,SG,21,1
6,277,DAL,SG,28,2
6,791,DET,PF,19,1
6,542,BOS,PF,23,1
6,542,BOS,PF,24,2
6,542,BOS,PF,25,3
6,134,ORL,PF,27,8
6,134,TOR,PF,27,8
6,134,TOR,PF,28,9
6,272,POR,SG,28,5
6,272,DAL,SG,29,6
6,272,PHI,SG,30,7
6,646,OKC,SG,21,2
6,647,PHI,SG,23,2
6,1033,MEM,SG,25,1
6,543,PHO,PG,24,1
6,1034,ATL,PG,20,1
6,900,ATL,SG,23,1
6,278,NOP,SF,25,4
6,318,BRK,PG,26,6
6,318,BRK,SG,27,7
6,318,TOT,PG-SG,28,8
6,375,DET,SF,21,3
6,135,GSW,PG,29,9
6,527,MIL,SG,23,2
6,273,OKC,C,24,5
6,648,DET,SF,22,2
6,376,PHI,PG,25,3
6,792,BOS,C,24,1
6,136,CHI,PF,31,8
6,762,LAL,SG,20,2
6,437,ATL,SF,23,2
6,763,LAC,SG,24,2
6,764,TOT,SG,23,2
6,233,ORL,SG,26,6
6,377,BOS,PG,23,3
6,982,CHI,PF,23,2
6,79,IND,PF,29,11
6,79,IND,PF,30,12
6,79,CHI,PF,31,13
6,378,MIL,SF,28,3
6,649,BRK,SG,24,2
6,528,WAS,C,23,4
6,327,NOP,PG,26,3
6,327,WAS,PG,27,4
6,327,TOT,PG,28,5
6,274,NYK,SG,25,5
6,198,TOT,PF,25,7
6,529,UTA,C,21,2
6,279,MIL,SG,25,4
6,279,MIL,SG,26,5
6,279,MIL,SF,27,6
6,530,DEN,SF,28,2
6,530,DEN,SF,29,3
6,530,TOT,SF,30,4
6,650,ATL,PG,21,2
6,1035,DET,SG,27,1
6,866,SAS,PG,22,2
6,983,OKC,PG,21,2
6,1036,CLE,SF,25,1
6,793,BOS,PG,22,1
6,793,BOS,PG,23,2
6,793,TOT,PG,24,3
6,984,POR,PF,22,2
6,867,UTA,PG,23,2
6,985,IND,SG,25,2
6,32,HOU,SF,31,13
6,280,WAS,PG,24,4
6,379,DEN,PF,22,3
6,379,DEN,PF,23,4
6,379,SAS,PF,24,5
6,986,NOP,SF,22,2
6,202,CLE,C,25,6
6,202,CLE,C,26,7
6,202,CLE,C,27,8
6,202,CLE,PF,28,9
6,651,WAS,SF,20,2
6,765,OKC,SG,23,2
6,794,TOT,PF-SF,22,1
6,1037,NYK,SG,24,1
6,766,MIA,SG,21,2
6,328,MIA,PG,24,3
6,328,MIA,PG,25,4
6,328,TOT,PG,26,5
6,901,DAL,PG,20,1
6,868,TOT,SG-PG,21,2
6,868,SAC,SG,21,2
6,868,IND,PG,21,2
6,869,PHI,PG,21,2
6,544,LAC,PG,23,1
6,380,MIN,PG,21,3
6,870,UTA,C,22,2
6,18,MIA,C,37,15
6,987,HOU,PF,20,2
6,871,TOT,C,20,2
6,871,CHO,C,20,2
6,871,WAS,C,20,2
6,275,IND,SG,25,5
6,988,ATL,PG,22,2
6,139,MIA,SG,29,8
6,444,TOT,SG,22,1
6,652,CHI,C,20,2
6,767,SAC,PF,22,1
6,767,POR,PF,22,1
6,767,NOP,PF,23,2
6,767,TOT,PF,24,3
6,545,ORL,SF,23,1
6,137,DAL,SF,31,9
6,234,DEN,SF,29,8
6,385,SAC,C,23,2
6,385,SAC,C,24,3
6,385,SAC,C,25,4
6,1038,LAC,SG,27,1
6,1039,TOT,SF,24,1
6,1039,MEM,SF,24,1
6,1039,UTA,SF,24,1
6,872,MEM,PF,23,2
6,653,MEM,SF,25,2
6,1040,MEM,SF,22,1
6,532,POR,C,21,2
6,320,CHI,SG,22,4
6,1041,OKC,PG,24,1
6,873,DEN,PF,21,2
6,989,MEM,SF,21,2
6,795,NOP,PF,24,1
7,1042,MIL,SG,23,1
7,1043,TOT,SG,22,1
7,1043,MIN,SG,22,1
7,1043,DAL,SG,22,1
7,302,ORL,SF,21,3
7,610,IND,PG,22,1
7,825,BOS,SF,21,1
7,917,OKC,SG,23,1
7,712,WAS,PF,22,1
7,1044,ATL,SF,19,1
7,75,BOS,C,30,10
7,185,UTA,SG,25,6
7,826,OKC,PF,19,1
7,492,LAL,PG,23,1
7,257,PHO,C,23,4
7,611,IND,PF,22,1
7,1045,BRK,SG,23,1
7,713,LAC,SG,22,1
7,220,DET,C,23,5
7,30,GSW,SF,33,13
7,1046,IND,SG,23,1
7,303,MIN,SF,21,3
7,612,POR,SG,19,1
7,221,NOP,C,23,5
7,827,MIN,SG,19,1
7,828,WAS,PF,28,1
7,829,HOU,SF,23,1
7,918,LAL,SG,23,1
7,222,LAC,SG,24,5
7,919,CHI,SG,22,1
7,493,MIA,C,20,1
7,494,PHI,PG,21,1
7,1047,IND,SF,20,1
7,186,ORL,C,24,6
7,155,LAC,PF,27,7
7,1048,SAS,SG,19,1
7,354,CHI,PF,21,2
7,714,DEN,PF,20,1
7,920,DEN,SG,21,1
7,920,TOT,PG,22,2
7,920,DEN,PG,22,2
7,223,WAS,SG,23,5
7,921,LAC,SG,20,1
7,715,MEM,PF,23,1
7,414,LAL,SF,19,1
7,922,TOT,SF,24,1
7,99,BRK,C,28,9
7,613,DET,SG,22,1
7,716,ATL,C,21,1
7,716,ATL,C,22,2
7,716,TOT,C,23,3
7,1049,CHO,SG,20,1
7,415,SAS,SG,23,1
7,1050,DET,PG,23,1
7,416,TOT,SG,24,1
7,923,DET,SG,20,1
7,1051,ORL,SF,20,1
7,717,CHO,SF,24,1
7,718,ATL,SF,20,1
7,718,ATL,SF,21,2
7,718,TOT,SF,22,3
7,924,BRK,SG,20,1
7,719,PHO,PF,23,1
7,719,PHO,PF,24,2
7,719,PHO,PF,25,3
7,355,TOT,PG,22,2
7,417,BRK,SF,22,1
7,925,TOT,PG,24,1
7,495,CLE,SF,22,1
7,926,PHI,C,21,1
7,1052,SAC,SF,27,1
7,614,SAS,PF,21,1
7,496,GSW,PF,25,1
7,927,IND,SG,24,1
7,46,LAC,PG,31,12
7,720,MIA,PF,23,1
7,1053,DEN,SG,21,1
7,1054,TOR,C,22,1
7,356,CHO,PF,21,2
7,830,ORL,PF,22,1
7,258,POR,SG,25,4
7,304,HOU,C,22,3
7,721,CHI,PG,19,1
7,722,CHO,SF,24,1
7,259,CHO,C,24,4
7,831,ORL,PG,20,1
7,1055,LAL,SF,23,1
7,615,CLE,PG,20,1
7,928,WAS,SF,22,1
7,187,TOR,PG,25,6
7,357,LAL,PG,20,2
7,357,BRK,PG,21,3
7,357,BRK,PG,22,4
7,929,HOU,SG,19,1
7,930,TOR,PG,22,1
7,1056,CHI,SG,20,1
7,418,GSW,C,21,1
7,418,GSW,C,22,2
7,418,GSW,C,23,3
7,224,POR,PG,26,5
7,497,ATL,SG,25,1
7,723,CHI,C,21,1
7,498,BOS,C,25,1
7,127,SAS,SG,29,8
7,127,SAS,SG,30,9
7,127,TOR,SG,31,10
7,419,WAS,SG,23,1
7,724,OKC,PF,19,1
7,1057,HOU,PF,23,1
7,725,CLE,SG,20,1
7,931,BRK,PG,22,1
7,1058,MEM,PF,21,1
7,932,SAC,PG,23,1
7,499,PHO,SG,22,1
7,499,IND,SG,23,2
7,499,DEN,SG,26,3
7,933,BRK,PF,20,1
7,500,SAC,PG,20,1
7,726,ATL,SF,22,1
7,616,PHO,PG,20,1
7,727,CLE,PF,23,1
7,617,PHO,C,20,1
7,100,LAC,C,28,9
7,420,SAS,PG,20,1
7,358,TOR,PG,24,2
7,128,TOR,SG,27,8
7,832,WAS,SF,20,1
7,501,DAL,PG,20,1
7,618,OKC,SG,25,1
7,1059,NOP,SG,22,1
7,421,PHO,SF,19,1
7,101,NYK,PG,28,8
7,502,SAS,PG,23,1
7,833,MEM,SG,22,1
7,359,PHO,SG,20,2
7,834,SAS,SF,20,1
7,835,CHI,PG,21,1
7,619,CHO,PG,23,1
7,619,CHO,PG,24,2
7,619,CHO,PG,25,3
7,260,SAS,C,27,4
7,503,MEM,SF,22,1
7,422,OKC,PF,20,1
7,1060,SAS,SF,19,1
7,504,UTA,SG,21,1
7,620,MIL,SG,22,1
7,423,DAL,PF,23,1
7,423,DAL,PF,24,2
7,423,DAL,SF,25,3
7,305,TOT,SF,25,3
7,225,GSW,PF,26,5
7,621,SAS,PF,21,1
7,1061,TOT,SG,25,1
7,1061,MIA,SG,25,1
7,1061,BRK,SG,25,1
7,934,IND,PG,21,1
7,622,MIA,SF,24,1
7,306,DAL,C,25,3
7,1062,NOP,PG,19,1
7,505,IND,PG,22,1
7,102,HOU,SG,28,9
7,102,HOU,SG,29,10
7,102,HOU,SG,30,11
7,935,DAL,SF,24,1
7,226,ORL,SG,24,5
7,936,CLE,PF,20,1
7,836,DEN,PG,29,1
7,360,CHO,C,23,2
7,360,CHO,PF,24,3
7,360,CHO,C,25,4
7,506,NYK,PG,19,1
7,937,ORL,SF,20,1
7,424,TOR,PG,22,1
7,507,PHI,SG,20,1
7,728,MIA,PG,23,1
7,129,SAC,SG,30,7
7,729,WAS,SG,23,1
7,729,WAS,SG,24,2
7,729,HOU,SG,25,3
7,307,DEN,SG,22,3
7,425,MIL,PG,24,1
7,623,POR,SG,20,1
7,103,UTA,PG,30,9
7,103,TOT,PG,31,10
7,103,SAC,PG,31,10
7,426,IND,PF,23,1
7,261,MIL,SF,22,4
7,730,IND,C,20,1
7,730,IND,C,21,2
7,730,IND,C,22,3
7,104,MIA,PG,30,9
7,156,UTA,SF,26,7
7,262,MIN,PF,27,4
7,731,BOS,PF,21,1
7,624,UTA,SG,23,1
7,938,POR,SF,20,1
7,625,OKC,SG,20,1
7,227,DAL,PF,24,5
7,626,PHI,SF,22,1
7,939,NOP,PF,23,1
7,837,NYK,PG,21,1
7,838,CLE,SG,20,1
7,627,HOU,PF,20,1
7,940,IND,PF,20,1
7,839,PHI,SG,21,1
7,941,DET,SF,23,1
7,1063,CLE,PF,23,1
7,732,OKC,PF,21,1
7,840,DET,C,19,1
7,942,WAS,PF,20,1
7,157,DET,PG,28,7
7,943,PHO,PF,27,1
7,427,LAL,C,19,1
7,733,MEM,PG,20,1
7,1064,HOU,PF,19,1
7,1065,POR,SF,20,1
7,1066,DEN,SF,25,1
7,1067,DAL,SG,20,1
7,1068,DET,SG,20,1
7,841,MIN,PF,20,1
7,944,PHI,SG,19,1
7,228,BOS,SF,26,5
7,842,HOU,SF,25,1
7,1069,MEM,PF,21,1
7,428,TOR,C,21,1
7,428,TOR,C,22,2
7,428,SAS,C,23,3
7,628,DAL,PG,22,1
7,1070,DET,C,19,1
7,945,HOU,SG,19,1
7,946,ATL,PF,20,1
7,734,CHO,SF,22,1
7,734,CHO,SF,23,2
7,734,CHO,SF,24,3
7,843,PHO,PF,20,1
7,947,ORL,PG,20,1
7,1071,OKC,SG,21,1
7,1072,MIA,SF,23,1
7,429,DEN,SG,19,1
7,1073,MIA,PG,23,1
7,948,CHO,SG,21,1
7,130,HOU,PG,27,8
7,131,MIA,PF,29,8
7,844,GSW,C,19,1
7,844,TOT,C,21,2
7,844,GSW,C,21,2
7,308,MEM,PF,26,3
7,1074,DET,SG,23,1
7,629,MEM,PF,19,1
7,630,DEN,PF,19,1
7,630,TOT,PF,20,2
7,630,DEN,PF,20,2
7,508,BRK,C,19,1
7,735,MIN,SG,20,1
7,1075,LAC,PG,23,1
7,105,GSW,C,29,9
7,736,BOS,SG,26,1
7,737,NOP,C,19,1
7,430,BOS,SF,20,1
7,738,MIN,SG,20,1
7,1076,OKC,PF,20,1
7,509,BOS,SF,19,1
7,1077,BOS,PG,20,1
7,949,TOT,PG,24,1
7,76,ORL,PF,30,9
7,309,TOT,PF,22,3
7,950,OKC,C,21,1
7,1078,SAS,PF,19,1
7,951,NYK,PF,23,1
7,631,MEM,PG,23,1
7,188,CHI,SF,27,6
7,952,SAS,C,26,1
7,310,BRK,SG,25,3
7,311,UTA,SF,29,3
7,953,SAS,SG,22,1
7,431,PHI,C,22,1
7,1079,POR,C,20,1
7,510,ATL,PF,20,1
7,739,MEM,SG,23,1
7,158,WAS,PG,26,7
7,1080,WAS,SG,20,1
7,1081,UTA,SF,21,1
7,511,ORL,PF,20,1
7,954,GSW,SF,19,1
7,312,LAL,SG,24,3
7,955,WAS,SG,23,1
7,1082,SAS,SF,21,1
7,740,MIN,PG,23,1
7,845,MIL,SF,22,1
7,845,MIL,SF,23,2
7,845,TOT,SF,24,3
7,741,GSW,SG,20,1
7,956,WAS,SG,23,1
7,957,NOP,PG,23,1
7,958,HOU,SG,20,1
7,959,OKC,SF,19,1
7,846,DAL,SG,20,1
7,512,LAL,SG,22,1
7,512,LAL,SG,23,2
7,512,NOP,SF,24,3
7,1083,MIN,SF,20,1
7,632,MIN,SG,20,1
7,361,MIA,SG,23,2
7,361,MIA,SF,24,3
7,361,MIA,SG,25,4
7,960,SAS,SF,19,1
7,132,NOP,PG,26,8
7,961,CHO,PF,19,1
7,742,GSW,SG,26,1
7,742,GSW,SG,27,2
7,742,GSW,SF,28,3
7,1084,PHI,SF,21,1
7,313,LAL,PF,22,3
7,962,TOR,SF,20,1
7,229,NYK,SG,27,4
7,229,CHI,SG,28,5
7,229,TOT,SG,29,6
7,513,SAC,SF,22,1
7,362,MIA,SF,20,2
7,963,CHO,C,21,1
7,363,MIN,C,21,2
7,189,SAS,SF,25,6
7,1085,SAC,SF,22,1
7,633,MIN,SF,23,1
7,743,SAS,SF,20,1
7,263,BOS,C,25,4
7,364,WAS,SF,21,2
7,190,CHO,PG,26,6
7,1086,IND,SG,19,1
7,744,MIA,PG,24,1
7,744,MIA,PG,25,2
7,744,TOT,SG-PG,27,3
7,1087,MEM,PG,20,1
7,1088,MEM,PF,20,1
7,634,NOP,SF,24,1
7,264,DET,SG,23,4
7,847,HOU,SF,20,1
7,1089,SAC,SG,23,1
7,964,TOT,SG,19,1
7,965,BRK,SF,21,1
7,965,TOT,SF,22,2
7,965,BRK,SF,22,2
7,77,GSW,PF,28,10
7,635,ATL,SG,20,1
7,636,NYK,PF,19,1
7,636,NYK,SF,20,2
7,636,NYK,SF,21,3
7,106,CLE,PF,28,9
7,106,CLE,C,29,10
7,106,CLE,PF,30,11
7,745,CLE,SF,19,1
7,1090,ORL,SG,25,1
7,365,GSW,C,20,2
7,514,ORL,C,25,1
7,230,MIL,SF,25,5
7,848,DET,PG,19,1
7,849,NOP,PG,19,1
7,191,GSW,SG,26,6
7,432,MIN,PG,22,1
7,366,NYK,PF,21,2
7,314,SAS,SF,23,3
7,515,LAL,PF,22,1
7,63,TOR,PG,30,11
7,192,CLE,PG,24,6
7,192,BOS,PG,25,7
7,192,BOS,PG,26,8
7,746,MIA,PF,20,1
7,850,CLE,PF,23,1
7,851,CHO,PG,19,1
7,637,TOT,SG,21,1
7,367,LAL,PF,24,2
7,516,CHI,PF,20,1
7,966,MIN,SF,21,1
7,17,CLE,SF,32,14
7,967,OKC,SG,24,1
7,638,SAS,SG,20,1
7,747,OKC,SF,20,1
7,639,DAL,SG,19,1
7,968,DET,C,23,1
7,517,DET,SG,21,1
7,517,DET,SG,22,2
7,517,DET,SG,23,3
7,518,NYK,PF,22,1
7,852,TOR,PG,22,1
7,1091,SAS,SF,19,1
7,433,MIL,SG,24,1
7,969,TOT,SF-SG,26,1
7,434,DEN,SG,20,1
7,434,DEN,SG,21,2
7,434,DEN,SG,22,3
7,519,CHO,SG,19,1
7,853,MIL,PF,24,1
7,193,DET,SF,27,6
7,315,BOS,SG,22,3
7,1092,MIL,SF,22,1
7,1093,CHO,C,21,1
7,520,PHI,SG,19,1
7,194,WAS,PF,27,6
7,194,WAS,PF,28,7
7,194,TOT,PF,29,8
7,970,CHI,C,22,1
7,640,SAC,PF,19,1
7,265,TOT,C,26,4
7,265,POR,C,26,4
7,265,DEN,C,26,4
7,748,PHI,SG,22,1
7,748,PHI,SG,23,2
7,748,PHI,SG,24,3
7,971,BOS,SF,24,1
7,971,TOT,SF,25,2
7,971,LAL,SF,25,2
7,266,MIL,PG,26,4
7,1094,LAL,SG,19,1
7,749,CHI,SF,23,1
7,521,DAL,PF,26,1
7,972,MIN,PG,23,1
7,231,POR,PF,24,5
7,750,LAC,C,22,1
7,973,DET,C,23,1
7,1095,PHI,PF,20,1
7,751,DEN,SF,21,1
7,641,PHO,SF,22,1
7,641,PHO,SF,23,2
7,641,PHO,SF,24,3
7,78,MEM,PG,29,10
7,78,MEM,PG,30,11
7,78,MEM,PG,31,12
7,267,ATL,C,25,4
7,267,ATL,C,26,5
7,267,TOT,PF,27,6
7,974,NYK,PG,21,1
7,642,NYK,C,20,1
7,643,ORL,C,20,1
7,643,ORL,C,21,2
7,643,ORL,C,22,3
7,522,DEN,PG,22,1
7,368,HOU,C,23,2
7,644,LAL,C,21,1
7,752,POR,C,20,1
7,975,GSW,SG,19,1
7,369,IND,C,20,2
7,854,NOP,SF,23,1
7,753,POR,PF,19,1
7,855,ATL,PF,23,1
7,754,MIN,C,20,1
7,976,SAC,C,22,1
7,316,TOT,C,22,3
7,755,BRK,C,20,1
7,856,CHO,PF,23,1
7,756,NOP,SG,21,1
7,756,NOP,SG,22,2
7,756,TOT,SG,23,3
7,107,CHO,SG,28,9
7,370,DEN,C,21,2
7,370,DEN,C,22,3
7,195,ORL,C,26,6
7,317,POR,PF,21,3
7,371,TOR,SG,23,2
7,857,NYK,PF,22,1
7,1096,UTA,SG,22,1
7,523,TOR,SF,20,1
7,858,ATL,C,20,1
7,1097,MIA,C,22,1
7,757,TOR,SF,21,1
7,268,WAS,SF,23,4
7,1098,OKC,SF,19,1
7,64,TOT,SF,31,6
7,758,CHO,PF,21,1
7,1099,ORL,PF,20,1
7,435,TOR,PF,22,1
7,372,POR,SG,24,2
7,1100,GSW,SF,20,1
7,232,HOU,SG,28,5
7,232,LAC,SG,29,6
7,232,LAC,PG,30,7
7,859,CHI,PF,19,1
7,133,SAS,PG,28,8
7,159,IND,SF,26,7
7,860,PHI,PF,21,1
7,861,BOS,SG,23,1
7,1101,DEN,SG,20,1
7,524,OKC,PG,21,1
7,862,MIA,PF,21,1
7,977,NYK,SG,21,1
7,1102,WAS,PG,24,1
7,863,TOT,SG-PG,19,1
7,863,DEN,PG,19,1
7,863,ORL,SG,19,1
7,373,UTA,PG,24,2
7,269,DET,SF,25,4
7,196,DET,PG,26,6
7,196,DET,PG,27,7
7,196,DET,PG,28,8
7,374,PHI,C,23,2
7,197,MIN,PG,26,6
7,759,NYK,SG,19,1
7,270,PHI,SF,26,4
7,645,BOS,C,21,1
7,108,CHI,C,28,9
7,436,MIA,SG,25,1
7,760,BOS,SG,20,1
7,1103,TOR,SF,22,1
7,525,UTA,SF,24,1
7,65,SAC,SF,30,11
7,271,UTA,C,24,4
7,761,WAS,PF,21,1
7,761,WAS,PF,22,2
7,761,WAS,PF,23,3
7,109,OKC,PG,28,9
7,109,OKC,PG,29,10
7,109,OKC,PG,30,11
7,526,CHI,PG,23,1
7,526,CHI,PG,24,2
7,526,CHI,PG,25,3
7,1104,GSW,PG,20,1
7,864,DET,PG,21,1
7,864,DET,PG,22,2
7,864,TOT,PG,23,3
7,865,DET,SF,21,1
7,865,DET,SF,22,2
7,865,TOT,SF,23,3
7,978,BOS,SF,24,1
7,979,MIL,PF,22,1
7,980,MEM,PF,21,1
7,981,TOR,PF,20,1
7,1105,LAL,PG,22,1
7,134,TOT,PF,27,8
7,272,DAL,PG,26,4
7,1106,POR,SG,19,1
7,646,LAC,PG,20,1
7,647,PHI,SG,22,1
7,1107,UTA,SF,27,1
7,318,BRK,PG,23,3
7,318,BRK,PG,24,4
7,318,BRK,PG,25,5
7,375,DET,SF,20,2
7,1108,DET,SG,23,1
7,135,GSW,PG,28,8
7,527,MIL,SG,22,1
7,273,OKC,C,23,4
7,648,TOT,SF,21,1
7,648,LAL,SF,21,1
7,648,DET,SF,21,1
7,376,PHI,PG,24,2
7,319,PHO,SF,23,3
7,319,PHO,SF,24,4
7,319,PHO,SF,25,5
7,136,TOT,PF,31,8
7,762,LAL,SG,19,1
7,1109,HOU,PF,21,1
7,437,ATL,SF,22,1
7,763,LAC,SF,23,1
7,764,TOR,SG,22,1
7,233,TOT,SF,25,5
7,233,TOR,SF,25,5
7,233,ORL,SF,25,5
7,377,BOS,PG,22,2
7,982,IND,SG,22,1
7,982,TOT,PF,23,2
7,982,IND,PF,23,2
7,79,IND,PF,28,10
7,378,MIL,SF,27,2
7,649,BRK,SG,23,1
7,528,LAL,C,20,1
7,528,WAS,C,21,2
7,528,WAS,C,22,3
7,274,ATL,SG,24,4
7,198,DET,PF,24,6
7,529,UTA,C,20,1
7,530,DEN,SF,27,1
7,650,ATL,PG,20,1
7,866,SAS,PG,21,1
7,983,OKC,PG,20,1
7,984,POR,SF,21,1
7,867,UTA,PG,22,1
7,985,HOU,SG,24,1
7,1110,HOU,PG,23,1
7,1111,NYK,SG,19,1
7,379,UTA,PF,21,2
7,986,NOP,SF,21,1
7,651,WAS,SF,19,1
7,765,PHO,SG,22,1
7,531,ATL,SG,21,1
7,766,MIA,SG,20,1
7,868,SAC,PG,20,1
7,1112,ATL,SG,23,1
7,869,PHI,SG,20,1
7,1113,HOU,PG,21,1
7,380,MIN,PG,20,2
7,870,UTA,C,21,1
7,18,MIA,C,36,14
7,987,HOU,PF,19,1
7,871,CHO,C,19,1
7,275,OKC,SG,24,4
7,1114,MEM,SG,22,1
7,988,OKC,SG,21,1
7,1115,UTA,C,21,1
7,652,CHI,C,19,1
7,1116,MIN,SG,21,1
7,767,TOT,PF,22,1
7,137,DAL,SG,30,8
7,234,DEN,SG,26,5
7,234,DEN,SG,27,6
7,234,DEN,SF,28,7
7,872,MEM,PF,22,1
7,653,MEM,SF,24,1
7,532,POR,C,20,1
7,320,MIN,SG,21,3
7,873,DEN,PF,20,1
7,989,MEM,SF,20,1
7,768,NOP,PF,19,1