player_id,player,birth_year,hof,num_seasons,first_seas,last_seas
1,Vince Carter,,FALSE,22,1999,2020
2,Dirk Nowitzki,,FALSE,21,1999,2019
3,Paul Pierce,,TRUE,19,1999,2017
4,Jason Terry,,FALSE,19,2000,2018
5,Metta World Peace,,FALSE,17,2000,2017
6,Jamal Crawford,,FALSE,20,2001,2020
7,Mike Miller,,FALSE,17,2001,2017
8,Joe Johnson,,FALSE,18,2002,2022
9,Tyson Chandler,,FALSE,19,2002,2020
10,Pau Gasol,,FALSE,18,2002,2019
11,Tony Parker,,FALSE,18,2002,2019
12,Richard Jefferson,,FALSE,17,2002,2018
13,Zach Randolph,,FALSE,17,2002,2018
14,Chris Andersen,,FALSE,15,2002,2017
15,Manu Ginobili,,TRUE,16,2003,2018
16,Mike Dunleavy,1980,FALSE,15,2003,2017
17,LeBron James,,FALSE,20,2004,2023
18,Udonis Haslem,,FALSE,20,2004,2023
19,Carmelo Anthony,,FALSE,19,2004,2022
20,Kyle Korver,,FALSE,17,2004,2020
21,Dwyane Wade,,FALSE,16,2004,2019
22,Zaza Pachulia,,FALSE,16,2004,2019
23,David West,,FALSE,15,2004,2018
24,Kendrick Perkins,,FALSE,14,2004,2018
25,Boris Diaw,,FALSE,14,2004,2017
26,Dahntay Jones,,FALSE,13,2004,2017
27,James Jones,,FALSE,14,2004,2017
28,Leandro Barbosa,,FALSE,14,2004,2017
29,Matt Barnes,,FALSE,14,2004,2017
30,Andre Iguodala,,FALSE,19,2005,2023
31,Dwight Howard,,FALSE,18,2005,2022
32,Trevor Ariza,,FALSE,18,2005,2022
33,J.R. Smith,,FALSE,16,2005,2020
34,Devin Harris,,FALSE,15,2005,2019
35,Luol Deng,,FALSE,15,2005,2019
36,Shaun Livingston,,FALSE,14,2005,2019
37,Al Jefferson,,FALSE,14,2005,2018
38,Damien Wilkins,,FALSE,10,2005,2018
39,Emeka Okafor,,FALSE,10,2005,2018
40,Jameer Nelson,,FALSE,14,2005,2018
41,Josh Smith,,FALSE,13,2005,2018
42,Nick Collison,,FALSE,14,2005,2018
43,Tony Allen,,FALSE,14,2005,2018
44,Beno Udrih,,FALSE,13,2005,2017
45,Kris Humphries,,FALSE,13,2005,2017
46,Chris Paul,,FALSE,18,2006,2023
47,C.J. Miles,,FALSE,16,2006,2022
48,Lou Williams,,FALSE,17,2006,2022
49,Marvin Williams,,FALSE,15,2006,2020
50,Amir Johnson,,FALSE,14,2006,2019
51,Andrew Bogut,,FALSE,14,2006,2019
52,Channing Frye,,FALSE,13,2006,2019
53,Gerald Green,,FALSE,12,2006,2019
54,Raymond Felton,,FALSE,14,2006,2019
55,Jarrett Jack,,FALSE,13,2006,2018
56,Alan Anderson,,FALSE,8,2006,2017
57,Brandon Bass,,FALSE,12,2006,2017
58,David Lee,1983,FALSE,12,2006,2017
59,Deron Williams,,FALSE,12,2006,2017
60,John Lucas III,,FALSE,8,2006,2017
61,Monta Ellis,,FALSE,12,2006,2017
62,Ronnie Price,,FALSE,12,2006,2017
63,Kyle Lowry,,FALSE,17,2007,2023
64,P.J. Tucker,,FALSE,12,2007,2023
65,Rudy Gay,,FALSE,17,2007,2023
66,LaMarcus Aldridge,,FALSE,16,2007,2022
67,Paul Millsap,,FALSE,16,2007,2022
68,Rajon Rondo,,FALSE,16,2007,2022
69,J.J. Redick,,FALSE,15,2007,2021
70,J.J. Barea,,FALSE,14,2007,2020
71,Thabo Sefolosha,,FALSE,14,2007,2020
72,Jordan Farmar,,FALSE,10,2007,2017
73,Randy Foye,,FALSE,11,2007,2017
74,Steve Novak,,FALSE,11,2007,2017
75,Al Horford,,FALSE,16,2008,2023
76,Jeff Green,,FALSE,15,2008,2023
77,Kevin Durant,,FALSE,15,2008,2023
78,Mike Conley,,FALSE,16,2008,2023
79,Thaddeus Young,,FALSE,16,2008,2023
80,Jared Dudley,,FALSE,14,2008,2021
81,Corey Brewer,,FALSE,13,2008,2020
82,Ian Mahinmi,,FALSE,12,2008,2020
83,Joakim Noah,,FALSE,13,2008,2020
84,Marco Belinelli,,FALSE,13,2008,2020
85,Wilson Chandler,,FALSE,12,2008,2020
86,Jason Smith,,FALSE,11,2008,2019
87,Marcin Gortat,,FALSE,12,2008,2019
88,Nick Young,,FALSE,12,2008,2019
89,Aaron Brooks,,FALSE,10,2008,2018
90,Arron Afflalo,,FALSE,11,2008,2018
91,Brandan Wright,,FALSE,10,2008,2018
92,Josh McRoberts,,FALSE,11,2008,2018
93,Ramon Sessions,,FALSE,11,2008,2018
94,C.J. Watson,,FALSE,10,2008,2017
95,Joel Anthony,,FALSE,10,2008,2017
96,Luis Scola,,FALSE,10,2008,2017
97,Rodney Stuckey,,FALSE,10,2008,2017
98,Spencer Hawes,,FALSE,10,2008,2017
99,Brook Lopez,,FALSE,15,2009,2023
100,DeAndre Jordan,,FALSE,15,2009,2023
101,Derrick Rose,,FALSE,14,2009,2023
102,Eric Gordon,,FALSE,15,2009,2023
103,George Hill,,FALSE,15,2009,2023
104,Goran Dragic,,FALSE,15,2009,2023
105,JaVale McGee,,FALSE,15,2009,2023
106,Kevin Love,,FALSE,15,2009,2023
107,Nicolas Batum,,FALSE,15,2009,2023
108,Robin Lopez,,FALSE,15,2009,2023
109,Russell Westbrook,,FALSE,15,2009,2023
110,D.J. Augustin,,FALSE,14,2009,2022
111,Danilo Gallinari,,FALSE,13,2009,2022
112,Anthony Tolliver,,FALSE,13,2009,2021
113,Marc Gasol,,FALSE,13,2009,2021
114,Courtney Lee,,FALSE,12,2009,2020
115,Luc Mbah a Moute,,FALSE,12,2009,2020
116,Ryan Anderson,,FALSE,12,2009,2020
117,Jerryd Bayless,,FALSE,11,2009,2019
118,Kosta Koufos,,FALSE,11,2009,2019
119,Michael Beasley,,FALSE,11,2009,2019
120,Bobby Brown,,FALSE,4,2009,2018
121,Darrell Arthur,,FALSE,9,2009,2018
122,Mario Chalmers,,FALSE,9,2009,2018
123,Marreese Speights,,FALSE,10,2009,2018
124,Anthony Morrow,,FALSE,9,2009,2017
125,Brandon Rush,,FALSE,9,2009,2017
126,Roy Hibbert,,FALSE,9,2009,2017
127,Danny Green,,FALSE,14,2010,2023
128,DeMar DeRozan,,FALSE,14,2010,2023
129,Garrett Temple,,FALSE,13,2010,2023
130,James Harden,,FALSE,14,2010,2023
131,James Johnson,,FALSE,14,2010,2023
132,Jrue Holiday,,FALSE,14,2010,2023
133,Patty Mills,,FALSE,14,2010,2023
134,Serge Ibaka,,FALSE,14,2010,2023
135,Stephen Curry,,FALSE,14,2010,2023
136,Taj Gibson,,FALSE,14,2010,2023
137,Wesley Matthews,,FALSE,14,2010,2023
138,Darren Collison,,FALSE,11,2010,2022
139,Wayne Ellington,,FALSE,13,2010,2022
140,Jeff Teague,,FALSE,12,2010,2021
141,DeMarre Carroll,,FALSE,11,2010,2020
142,Dante Cunningham,,FALSE,10,2010,2019
143,Jodie Meeks,,FALSE,10,2010,2019
144,Jonas Jerebko,,FALSE,9,2010,2019
145,Omri Casspi,,FALSE,10,2010,2019
146,Tyreke Evans,,FALSE,10,2010,2019
147,Brandon Jennings,,FALSE,9,2010,2018
148,Alonzo Gee,,FALSE,8,2010,2017
149,Gerald Henderson,1987,FALSE,8,2010,2017
150,Jordan Hill,,FALSE,8,2010,2017
151,Marcus Thornton,,FALSE,8,2010,2017
152,Reggie Williams,1986,FALSE,7,2010,2017
153,Toney Douglas,,FALSE,8,2010,2017
154,Ty Lawson,,FALSE,8,2010,2017
155,Blake Griffin,,FALSE,13,2011,2023
156,Gordon Hayward,,FALSE,13,2011,2023
157,Ish Smith,,FALSE,13,2011,2023
158,John Wall,,FALSE,11,2011,2023
159,Paul George,,FALSE,13,2011,2023
160,Avery Bradley,,FALSE,12,2011,2022
161,DeMarcus Cousins,,FALSE,11,2011,2022
162,Derrick Favors,,FALSE,12,2011,2022
163,Ed Davis,,FALSE,12,2011,2022
164,Eric Bledsoe,,FALSE,12,2011,2022
165,Greg Monroe,,FALSE,10,2011,2022
166,Hassan Whiteside,,FALSE,10,2011,2022
167,Lance Stephenson,,FALSE,10,2011,2022
168,Al-Farouq Aminu,,FALSE,11,2011,2021
169,Patrick Patterson,,FALSE,11,2011,2021
170,Evan Turner,,FALSE,10,2011,2020
171,Ekpe Udoh,,FALSE,7,2011,2019
172,Jeremy Lin,,FALSE,9,2011,2019
173,Quincy Pondexter,,FALSE,7,2011,2019
174,Wesley Johnson,,FALSE,9,2011,2019
175,Cole Aldrich,,FALSE,8,2011,2018
176,Jeremy Evans,,FALSE,7,2011,2018
177,Jordan Crawford,,FALSE,6,2011,2018
178,Luke Babbitt,,FALSE,8,2011,2018
179,Timofey Mozgov,,FALSE,8,2011,2018
180,Trevor Booker,,FALSE,8,2011,2018
181,Gary Neal,,FALSE,7,2011,2017
182,Larry Sanders,,FALSE,6,2011,2017
183,Manny Harris,,FALSE,4,2011,2017
184,Tiago Splitter,,FALSE,7,2011,2017
185,Alec Burks,,FALSE,12,2012,2023
186,Bismack Biyombo,,FALSE,12,2012,2023
187,Cory Joseph,,FALSE,12,2012,2023
188,Jimmy Butler,,FALSE,12,2012,2023
189,Kawhi Leonard,,FALSE,11,2012,2023
190,Kemba Walker,,FALSE,12,2012,2023
191,Klay Thompson,,FALSE,10,2012,2023
192,Kyrie Irving,,FALSE,12,2012,2023
193,Marcus Morris,,FALSE,12,2012,2023
194,Markieff Morris,,FALSE,12,2012,2023
195,Nikola Vucevic,NA,FALSE,12,2012,2023
196,Reggie Jackson,,FALSE,12,2012,2023
197,Ricky Rubio,,FALSE,12,2012,2023
198,Tobias Harris,,FALSE,12,2012,2023
199,Brandon Knight,,FALSE,9,2012,2022
200,Enes Freedom,,FALSE,11,2012,2022
201,Isaiah Thomas,,FALSE,11,2012,2022
202,Tristan Thompson,,FALSE,11,2012,2022
203,E'Twaun Moore,,FALSE,10,2012,2021
204,Iman Shumpert,,FALSE,10,2012,2021
205,Chandler Parsons,,FALSE,9,2012,2020
206,Jeremy Pargo,,FALSE,3,2012,2020
207,Lance Thomas,,FALSE,9,2012,2020
208,Jimmer Fredette,,FALSE,6,2012,2019
209,Jon Leuer,,FALSE,8,2012,2019
210,Kenneth Faried,,FALSE,8,2012,2019
211,MarShon Brooks,,FALSE,5,2012,2019
212,Shelvin Mack,,FALSE,8,2012,2019
213,DeAndre Liggins,,FALSE,5,2012,2018
214,Derrick Williams,,FALSE,7,2012,2018
215,Julyan Stone,,FALSE,4,2012,2018
216,Xavier Silas,,FALSE,2,2012,2018
217,Justin Harper,,FALSE,3,2012,2017
218,Lavoy Allen,,FALSE,6,2012,2017
219,Norris Cole,,FALSE,6,2012,2017
220,Andre Drummond,,FALSE,11,2013,2023
221,Anthony Davis,,FALSE,11,2013,2023
222,Austin Rivers,,FALSE,11,2013,2023
223,Bradley Beal,,FALSE,11,2013,2023
224,Damian Lillard,,FALSE,11,2013,2023
225,Draymond Green,,FALSE,11,2013,2023
226,Evan Fournier,,FALSE,11,2013,2023
227,Harrison Barnes,,FALSE,11,2013,2023
228,Jae Crowder,,FALSE,11,2013,2023
229,Justin Holiday,,FALSE,10,2013,2023
230,Khris Middleton,,FALSE,11,2013,2023
231,Meyers Leonard,,FALSE,10,2013,2023
232,Patrick Beverley,,FALSE,11,2013,2023
233,Terrence Ross,,FALSE,11,2013,2023
234,Will Barton,,FALSE,11,2013,2023
235,Jeremy Lamb,,FALSE,10,2013,2022
236,Kent Bazemore,,FALSE,10,2013,2022
237,Maurice Harkless,,FALSE,10,2013,2022
238,Aron Baynes,,FALSE,9,2013,2021
239,Darius Miller,,FALSE,6,2013,2021
240,Mike Scott,,FALSE,9,2013,2021
241,Dion Waiters,,FALSE,8,2013,2020
242,John Henson,,FALSE,8,2013,2020
243,Kyle O'Quinn,,FALSE,8,2013,2020
244,Michael Kidd-Gilchrist,,FALSE,8,2013,2020
245,Tyler Zeller,,FALSE,8,2013,2020
246,John Jenkins,,FALSE,6,2013,2019
247,Miles Plumlee,,FALSE,7,2013,2019
248,Quincy Acy,,FALSE,7,2013,2019
249,Scott Machado,,FALSE,2,2013,2019
250,Terrence Jones,,FALSE,6,2013,2019
251,Kyle Singler,,FALSE,6,2013,2018
252,Marquis Teague,,FALSE,3,2013,2018
253,Andrew Nicholson,,FALSE,5,2013,2017
254,Brian Roberts,,FALSE,5,2013,2017
255,Jared Sullinger,,FALSE,5,2013,2017
256,Thomas Robinson,,FALSE,5,2013,2017
257,Alex Len,,FALSE,10,2014,2023
258,CJ McCollum,,FALSE,10,2014,2023
259,Cody Zeller,,FALSE,10,2014,2023
260,Dewayne Dedmon,,FALSE,10,2014,2023
261,Giannis Antetokounmpo,,FALSE,10,2014,2023
262,Gorgui Dieng,,FALSE,10,2014,2023
263,Kelly Olynyk,,FALSE,10,2014,2023
264,Kentavious Caldwell-Pope,,FALSE,10,2014,2023
265,Mason Plumlee,,FALSE,10,2014,2023
266,Matthew Dellavedova,,FALSE,9,2014,2023
267,Mike Muscala,,FALSE,10,2014,2023
268,Otto Porter Jr.,,FALSE,10,2014,2023
269,Reggie Bullock,,FALSE,10,2014,2023
270,Robert Covington,,FALSE,10,2014,2023
271,Rudy Gobert,,FALSE,10,2014,2023
272,Seth Curry,,FALSE,9,2014,2023
273,Steven Adams,,FALSE,10,2014,2023
274,Tim Hardaway Jr.,,FALSE,10,2014,2023
275,Victor Oladipo,,FALSE,10,2014,2023
276,Ben McLemore,,FALSE,9,2014,2022
277,Scotty Hopson,,FALSE,3,2014,2022
278,Solomon Hill,,FALSE,9,2014,2022
279,Tony Snell,,FALSE,9,2014,2022
280,Trey Burke,,FALSE,9,2014,2022
281,Andre Roberson,,FALSE,7,2014,2021
282,James Nunnally,,FALSE,3,2014,2021
283,Michael Carter-Williams,,FALSE,8,2014,2021
284,Allen Crabbe,,FALSE,7,2014,2020
285,Troy Daniels,,FALSE,7,2014,2020
286,D.J. Stephens,,FALSE,2,2014,2019
287,Ian Clark,,FALSE,6,2014,2019
288,Isaiah Canaan,,FALSE,6,2014,2019
289,Lorenzo Brown,,FALSE,5,2014,2019
290,Dwight Buycks,,FALSE,3,2014,2018
291,Jeff Withey,,FALSE,5,2014,2018
292,Nate Wolters,,FALSE,3,2014,2018
293,Shabazz Muhammad,,FALSE,5,2014,2018
294,Shane Larkin,,FALSE,4,2014,2018
295,Vander Blue,,FALSE,3,2014,2018
296,Anthony Bennett,,FALSE,4,2014,2017
297,Archie Goodwin,,FALSE,4,2014,2017
298,Arinze Onuaku,,FALSE,3,2014,2017
299,Hollis Thompson,,FALSE,4,2014,2017
300,Justin Hamilton,,FALSE,3,2014,2017
301,Ryan Kelly,,FALSE,4,2014,2017
302,Aaron Gordon,,FALSE,9,2015,2023
303,Andrew Wiggins,,FALSE,9,2015,2023
304,Clint Capela,,FALSE,9,2015,2023
305,Doug McDermott,,FALSE,9,2015,2023
306,Dwight Powell,,FALSE,9,2015,2023
307,Gary Harris,,FALSE,9,2015,2023
308,JaMychal Green,,FALSE,9,2015,2023
309,Jerami Grant,,FALSE,9,2015,2023
310,Joe Harris,,FALSE,9,2015,2023
311,Joe Ingles,,FALSE,9,2015,2023
312,Jordan Clarkson,,FALSE,9,2015,2023
313,Julius Randle,,FALSE,9,2015,2023
314,Kyle Anderson,,FALSE,9,2015,2023
315,Marcus Smart,,FALSE,9,2015,2023
316,Nerlens Noel,,FALSE,9,2015,2023
317,Noah Vonleh,,FALSE,8,2015,2023
318,Spencer Dinwiddie,,FALSE,9,2015,2023
319,T.J. Warren,,FALSE,8,2015,2023
320,Zach LaVine,,FALSE,9,2015,2023
321,Elfrid Payton,,FALSE,8,2015,2022
322,Jabari Parker,,FALSE,8,2015,2022
323,James Ennis III,,FALSE,8,2015,2022
324,Langston Galloway,,FALSE,8,2015,2022
325,Nik Stauskas,,FALSE,6,2015,2022
326,Rodney Hood,,FALSE,8,2015,2022
327,Tim Frazier,,FALSE,8,2015,2022
328,Tyler Johnson,,FALSE,8,2015,2022
329,Bruno Caboclo,,FALSE,7,2015,2021
330,Dante Exum,,FALSE,6,2015,2021
331,Glenn Robinson III,,FALSE,7,2015,2021
332,JaKarr Sampson,,FALSE,6,2015,2021
333,Shabazz Napier,,FALSE,6,2015,2020
334,Eric Moreland,,FALSE,4,2015,2019
335,Kalin Lucas,,FALSE,2,2015,2019
336,Adreian Payne,,FALSE,4,2015,2018
337,David Stockton,,FALSE,2,2015,2018
338,Jack Cooley,,FALSE,2,2015,2018
339,James Michael McAdoo,,FALSE,4,2015,2018
340,James Young,,FALSE,4,2015,2018
341,Joffrey Lauvergne,,FALSE,4,2015,2018
342,Johnny O'Bryant,,FALSE,4,2015,2018
343,Larry Drew II,,FALSE,2,2015,2018
344,Lucas Nogueira,,FALSE,4,2015,2018
345,Markel Brown,,FALSE,3,2015,2018
346,Sean Kilpatrick,,FALSE,4,2015,2018
347,Tarik Black,,FALSE,4,2015,2018
348,Travis Wear,,FALSE,2,2015,2018
349,Tyler Ennis,,FALSE,4,2015,2018
350,C.J. Wilcox,,FALSE,3,2015,2017
351,Elijah Millsap,,FALSE,3,2015,2017
352,Jarnell Stokes,,FALSE,3,2015,2017
353,K.J. McDaniels,,FALSE,3,2015,2017
354,Bobby Portis,,FALSE,8,2016,2023
355,Cameron Payne,,FALSE,8,2016,2023
356,Christian Wood,,FALSE,7,2016,2023
357,D'Angelo Russell,,FALSE,8,2016,2023
358,Delon Wright,,FALSE,8,2016,2023
359,Devin Booker,,FALSE,8,2016,2023
360,Frank Kaminsky,,FALSE,8,2016,2023
361,Josh Richardson,,FALSE,8,2016,2023
362,Justise Winslow,,FALSE,8,2016,2023
363,Karl-Anthony Towns,,FALSE,8,2016,2023
364,Kelly Oubre Jr.,,FALSE,8,2016,2023
365,Kevon Looney,,FALSE,8,2016,2023
366,Kristaps Porzingis,,FALSE,7,2016,2023
367,Larry Nance Jr.,,FALSE,8,2016,2023
368,Montrezl Harrell,,FALSE,8,2016,2023
369,Myles Turner,,FALSE,8,2016,2023
370,Nikola Jokic,,FALSE,8,2016,2023
371,Norman Powell,,FALSE,8,2016,2023
372,Pat Connaughton,,FALSE,8,2016,2023
373,Raul Neto,,FALSE,8,2016,2023
374,Richaun Holmes,,FALSE,8,2016,2023
375,Stanley Johnson,,FALSE,8,2016,2023
376,T.J. McConnell,,FALSE,8,2016,2023
377,Terry Rozier,,FALSE,8,2016,2023
378,Thanasis Antetokounmpo,,FALSE,5,2016,2023
379,Trey Lyles,,FALSE,8,2016,2023
380,Tyus Jones,,FALSE,8,2016,2023
381,Emmanuel Mudiay,,FALSE,6,2016,2022
382,Justin Anderson,,FALSE,6,2016,2022
383,Nemanja Bjelica,,FALSE,7,2016,2022
384,Sam Dekker,,FALSE,5,2016,2022
385,Willie Cauley-Stein,,FALSE,7,2016,2022
386,Axel Toupane,,FALSE,3,2016,2021
387,Jahlil Okafor,,FALSE,6,2016,2021
388,Rondae Hollis-Jefferson,,FALSE,6,2016,2021
389,Jerian Grant,,FALSE,5,2016,2020
390,Jordan McRae,,FALSE,4,2016,2020
391,Mario Hezonja,,FALSE,5,2016,2020
392,Alan Williams,,FALSE,4,2016,2019
393,Jarell Martin,,FALSE,4,2016,2019
394,Jonathon Simmons,,FALSE,4,2016,2019
395,R.J. Hunter,,FALSE,4,2016,2019
396,Salah Mejri,,FALSE,4,2016,2019
397,Aaron Harrison,,FALSE,3,2016,2018
398,Anthony Brown,,FALSE,3,2016,2018
399,Briante Weber,,FALSE,3,2016,2018
400,Chris McCullough,,FALSE,3,2016,2018
401,Darrun Hilliard,,FALSE,3,2016,2018
402,Jarell Eddie,,FALSE,3,2016,2018
403,Joe Young,,FALSE,3,2016,2018
404,Jordan Mickey,,FALSE,3,2016,2018
405,Josh Huestis,,FALSE,3,2016,2018
406,Luis Montero,,FALSE,2,2016,2018
407,Rashad Vaughn,,FALSE,3,2016,2018
408,Willie Reed,,FALSE,3,2016,2018
409,Xavier Munford,,FALSE,2,2016,2018
410,Edy Tavares,,FALSE,2,2016,2017
411,Lamar Patterson,,FALSE,2,2016,2017
412,Marcelo Huertas,,FALSE,2,2016,2017
413,Rakeem Christmas,,FALSE,2,2016,2017
414,Brandon Ingram,,FALSE,7,2017,2023
415,Bryn Forbes,,FALSE,7,2017,2023
416,Buddy Hield,,FALSE,7,2017,2023
417,Caris LeVert,,FALSE,7,2017,2023
418,Damian Jones,,FALSE,7,2017,2023
419,Danuel House Jr.,,FALSE,7,2017,2023
420,Dejounte Murray,,FALSE,6,2017,2023
421,Derrick Jones Jr.,,FALSE,7,2017,2023
422,Domantas Sabonis,,FALSE,7,2017,2023
423,Dorian Finney-Smith,,FALSE,7,2017,2023
424,Fred VanVleet,,FALSE,7,2017,2023
425,Gary Payton II,,FALSE,7,2017,2023
426,Georges Niang,,FALSE,7,2017,2023
427,Ivica Zubac,,FALSE,7,2017,2023
428,Jakob Poeltl,,FALSE,7,2017,2023
429,Jamal Murray,,FALSE,6,2017,2023
430,Jaylen Brown,,FALSE,7,2017,2023
431,Joel Embiid,,FALSE,7,2017,2023
432,Kris Dunn,,FALSE,7,2017,2023
433,Malcolm Brogdon,,FALSE,7,2017,2023
434,Malik Beasley,,FALSE,7,2017,2023
435,Pascal Siakam,,FALSE,7,2017,2023
436,Rodney McGruder,,FALSE,7,2017,2023
437,Taurean Prince,,FALSE,7,2017,2023
438,Cheick Diallo,,FALSE,5,2017,2022
439,David Nwaba,,FALSE,6,2017,2022
440,DeAndre' Bembry,,FALSE,6,2017,2022
441,Denzel Valentine,,FALSE,5,2017,2022
442,Jake Layman,,FALSE,6,2017,2022
443,Marquese Chriss,,FALSE,6,2017,2022
444,Wayne Selden,,FALSE,4,2017,2022
445,Chasson Randle,,FALSE,4,2017,2021
446,Henry Ellenson,,FALSE,5,2017,2021
447,Patrick McCaw,,FALSE,5,2017,2021
448,Quinn Cook,,FALSE,5,2017,2021
449,Thon Maker,,FALSE,5,2017,2021
450,Yogi Ferrell,,FALSE,5,2017,2021
451,Dragan Bender,,FALSE,4,2017,2020
452,Jarrod Uthoff,,FALSE,2,2017,2020
453,Treveon Graham,,FALSE,4,2017,2020
454,Alex Poythress,,FALSE,3,2017,2019
455,Andrew Harrison,,FALSE,3,2017,2019
456,Demetrius Jackson,,FALSE,3,2017,2019
457,Deyonta Davis,,FALSE,3,2017,2019
458,Malachi Richardson,,FALSE,3,2017,2019
459,Okaro White,,FALSE,3,2017,2019
460,Ron Baker,,FALSE,3,2017,2019
461,Troy Williams,,FALSE,3,2017,2019
462,Tyler Ulis,,FALSE,3,2017,2019
463,Wade Baldwin,,FALSE,3,2017,2019
464,Brice Johnson,,FALSE,2,2017,2018
465,Chinanu Onuaku,,FALSE,2,2017,2018
466,Georgios Papagiannis,,FALSE,2,2017,2018
467,Isaiah Taylor,,FALSE,2,2017,2018
468,Isaiah Whitehead,,FALSE,2,2017,2018
469,Joel Bolomboy,,FALSE,2,2017,2018
470,Jonathan Gibson,,FALSE,2,2017,2018
471,Kay Felder,,FALSE,2,2017,2018
472,Malcolm Delaney,,FALSE,2,2017,2018
473,Marcus Georges-Hunt,,FALSE,2,2017,2018
474,Marshall Plumlee,,FALSE,2,2017,2018
475,Mindaugas Kuzminskas,,FALSE,2,2017,2018
476,Paul Zipser,,FALSE,2,2017,2018
477,Tim Quarterman,,FALSE,2,2017,2018
478,A.J. Hammons,,FALSE,1,2017,2017
479,Ben Bentil,,FALSE,1,2017,2017
480,Daniel Ochefu,,FALSE,1,2017,2017
481,Diamond Stone,,FALSE,1,2017,2017
482,Kyle Wiltjer,,FALSE,1,2017,2017
483,Maurice Ndour,,FALSE,1,2017,2017
484,Michael Gbinije,,FALSE,1,2017,2017
485,Mike Tobey,,FALSE,1,2017,2017
486,Patricio Garino,,FALSE,1,2017,2017
487,Pierre Jackson,,FALSE,1,2017,2017
488,Semaj Christon,,FALSE,1,2017,2017
489,Shawn Long,,FALSE,1,2017,2017
490,Sheldon Mac,,FALSE,1,2017,2017
491,Stephen Zimmerman,,FALSE,1,2017,2017
492,Alex Caruso,,FALSE,6,2018,2023
493,Bam Adebayo,,FALSE,6,2018,2023
494,Ben Simmons,,FALSE,5,2018,2023
495,Cedi Osman,,FALSE,6,2018,2023
496,Chris Boucher,,FALSE,6,2018,2023
497,Damion Lee,,FALSE,6,2018,2023
498,Daniel Theis,,FALSE,6,2018,2023
499,Davon Reed,,FALSE,4,2018,2023
500,De'Aaron Fox,,FALSE,6,2018,2023
501,Dennis Smith Jr.,,FALSE,6,2018,2023
502,Derrick White,,FALSE,6,2018,2023
503,Dillon Brooks,,FALSE,6,2018,2023
504,Donovan Mitchell,,FALSE,6,2018,2023
505,Edmond Sumner,,FALSE,5,2018,2023
506,Frank Ntilikina,,FALSE,6,2018,2023
507,Furkan Korkmaz,,FALSE,6,2018,2023
508,Jarrett Allen,,FALSE,6,2018,2023
509,Jayson Tatum,,FALSE,6,2018,2023
510,John Collins,,FALSE,6,2018,2023
511,Jonathan Isaac,,FALSE,4,2018,2023
512,Josh Hart,,FALSE,6,2018,2023
513,Justin Jackson,,FALSE,6,2018,2023
514,Khem Birch,,FALSE,6,2018,2023
515,Kyle Kuzma,,FALSE,6,2018,2023
516,Lauri Markkanen,,FALSE,6,2018,2023
517,Luke Kennard,,FALSE,6,2018,2023
518,Luke Kornet,,FALSE,6,2018,2023
519,Malik Monk,,FALSE,6,2018,2023
520,Markelle Fultz,,FALSE,6,2018,2023
521,Maxi Kleber,,FALSE,6,2018,2023
522,Monte Morris,,FALSE,6,2018,2023
523,OG Anunoby,,FALSE,6,2018,2023
524,PJ Dozier,,FALSE,6,2018,2023
525,Royce O'Neale,,FALSE,6,2018,2023
526,Ryan Arcidiacono,,FALSE,6,2018,2023
527,Sterling Brown,,FALSE,6,2018,2023
528,Thomas Bryant,,FALSE,6,2018,2023
529,Tony Bradley,,FALSE,6,2018,2023
530,Torrey Craig,,FALSE,6,2018,2023
531,Tyler Dorsey,,FALSE,3,2018,2023
532,Zach Collins,,FALSE,5,2018,2023
533,Abdel Nader,,FALSE,5,2018,2022
534,Alfonzo McKinnie,,FALSE,5,2018,2022
535,D.J. Wilson,,FALSE,5,2018,2022
536,Damyean Dotson,,FALSE,5,2018,2022
537,Derrick Walton,,FALSE,3,2018,2022
538,Jaylen Morris,,FALSE,3,2018,2022
539,Jordan Bell,,FALSE,5,2018,2022
540,Josh Jackson,,FALSE,5,2018,2022
541,Lonzo Ball,,FALSE,5,2018,2022
542,Semi Ojeleye,,FALSE,5,2018,2022
543,Shaquille Harrison,,FALSE,5,2018,2022
544,Tyrone Wallace,,FALSE,4,2018,2022
545,Wes Iwundu,,FALSE,5,2018,2022
546,Dwayne Bacon,,FALSE,4,2018,2021
547,Frank Mason III,,FALSE,4,2018,2021
548,Justin Patton,,FALSE,4,2018,2021
549,Mike James,1990,FALSE,2,2018,2021
550,Sindarius Thornwell,,FALSE,4,2018,2021
551,T.J. Leaf,,FALSE,4,2018,2021
552,Terrance Ferguson,,FALSE,4,2018,2021
553,Antonius Cleveland,,FALSE,2,2018,2020
554,Caleb Swanigan,,FALSE,3,2018,2020
555,Johnathan Motley,,FALSE,3,2018,2020
556,Josh Gray,,FALSE,2,2018,2020
557,Josh Magette,,FALSE,2,2018,2020
558,Kadeem Allen,,FALSE,3,2018,2020
559,Malcolm Miller,,FALSE,3,2018,2020
560,Naz Mitrou-Long,,FALSE,3,2018,2020
561,Andre Ingram,,FALSE,2,2018,2019
562,Antonio Blakeney,,FALSE,2,2018,2019
563,C.J. Williams,,FALSE,2,2018,2019
564,Daniel Hamilton,,FALSE,2,2018,2019
565,Devin Robinson,,FALSE,2,2018,2019
566,Guerschon Yabusele,,FALSE,2,2018,2019
567,Ike Anigbogu,,FALSE,2,2018,2019
568,Isaiah Hicks,,FALSE,2,2018,2019
569,Ivan Rabb,,FALSE,2,2018,2019
570,Jalen Jones,,FALSE,2,2018,2019
571,Jawun Evans,,FALSE,2,2018,2019
572,John Holland,,FALSE,2,2018,2019
573,Kobi Simmons,,FALSE,2,2018,2019
574,Milos Teodosic,,FALSE,2,2018,2019
575,Tyler Cavanaugh,,FALSE,2,2018,2019
576,Tyler Lydon,,FALSE,2,2018,2019
577,Walt Lemon Jr.,,FALSE,2,2018,2019
578,Zhou Qi,,FALSE,2,2018,2019
579,Aaron Jackson,,FALSE,1,2018,2018
580,Alec Peters,,FALSE,1,2018,2018
581,Andrew White,,FALSE,1,2018,2018
582,Ben Moore,,FALSE,1,2018,2018
583,Brandon Paul,,FALSE,1,2018,2018
584,Charles Cooke,,FALSE,1,2018,2018
585,Dakari Johnson,,FALSE,1,2018,2018
586,Erik McCree,,FALSE,1,2018,2018
587,Gian Clavell,,FALSE,1,2018,2018
588,Jabari Bird,,FALSE,1,2018,2018
589,Jacob Pullen,,FALSE,1,2018,2018
590,Jacob Wiley,,FALSE,1,2018,2018
591,Jameel Warney,,FALSE,1,2018,2018
592,Jamel Artis,,FALSE,1,2018,2018
593,James Webb III,,FALSE,1,2018,2018
594,Jamil Wilson,,FALSE,1,2018,2018
595,Kyle Collinsworth,,FALSE,1,2018,2018
596,London Perrantes,,FALSE,1,2018,2018
597,Mangok Mathiang,,FALSE,1,2018,2018
598,Marcus Paige,,FALSE,1,2018,2018
599,Matt Costello,,FALSE,1,2018,2018
600,Matt Williams,,FALSE,1,2018,2018
601,Milton Doyle,,FALSE,1,2018,2018
602,Myke Henry,,FALSE,1,2018,2018
603,Nigel Hayes,,FALSE,1,2018,2018
604,Omari Johnson,,FALSE,1,2018,2018
605,Reggie Hearn,,FALSE,1,2018,2018
606,Rodney Purvis,,FALSE,1,2018,2018
607,Trey McKinney-Jones,,FALSE,1,2018,2018
608,Vince Hunter,,FALSE,1,2018,2018
609,Xavier Rathan-Mayes,,FALSE,1,2018,2018
610,Aaron Holiday,,FALSE,5,2019,2023
611,Alize Johnson,,FALSE,5,2019,2023
612,Anfernee Simons,,FALSE,5,2019,2023
613,Bruce Brown,,FALSE,5,2019,2023
614,Chimezie Metu,,FALSE,5,2019,2023
615,Collin Sexton,,FALSE,5,2019,2023
616,De'Anthony Melton,,FALSE,5,2019,2023
617,Deandre Ayton,,FALSE,5,2019,2023
618,Deonte Burton,,FALSE,3,2019,2023
619,Devonte' Graham,,FALSE,5,2019,2023
620,Donte DiVincenzo,,FALSE,5,2019,2023
621,Drew Eubanks,,FALSE,5,2019,2023
622,Duncan Robinson,,FALSE,5,2019,2023
623,Gary Trent Jr.,,FALSE,5,2019,2023
624,Grayson Allen,,FALSE,5,2019,2023
625,Hamidou Diallo,,FALSE,5,2019,2023
626,Haywood Highsmith,,FALSE,3,2019,2023
627,Isaiah Hartenstein,,FALSE,5,2019,2023
628,Jalen Brunson,,FALSE,5,2019,2023
629,Jaren Jackson Jr.,,FALSE,5,2019,2023
630,Jarred Vanderbilt,,FALSE,5,2019,2023
631,Jevon Carter,,FALSE,5,2019,2023
632,Josh Okogie,,FALSE,5,2019,2023
633,Keita Bates-Diop,,FALSE,5,2019,2023
634,Kenrich Williams,,FALSE,5,2019,2023
635,Kevin Huerter,,FALSE,5,2019,2023
636,Kevin Knox,,FALSE,5,2019,2023
637,Landry Shamet,,FALSE,5,2019,2023
638,Lonnie Walker IV,,FALSE,5,2019,2023
639,Luka Doncic,,FALSE,5,2019,2023
640,Marvin Bagley III,,FALSE,5,2019,2023
641,Mikal Bridges,,FALSE,5,2019,2023
642,Mitchell Robinson,,FALSE,5,2019,2023
643,Mo Bamba,,FALSE,5,2019,2023
644,Moritz Wagner,,FALSE,5,2019,2023
645,Robert Williams,,FALSE,5,2019,2023
646,Shai Gilgeous-Alexander,,FALSE,5,2019,2023
647,Shake Milton,,FALSE,5,2019,2023
648,Svi Mykhailiuk,,FALSE,5,2019,2023
649,Theo Pinson,,FALSE,5,2019,2023
650,Trae Young,,FALSE,5,2019,2023
651,Troy Brown Jr.,,FALSE,5,2019,2023
652,Wendell Carter Jr.,,FALSE,5,2019,2023
653,Yuta Watanabe,,FALSE,5,2019,2023
654,B.J. Johnson,,FALSE,3,2019,2022
655,Brad Wanamaker,,FALSE,4,2019,2022
656,Brandon Goodwin,,FALSE,4,2019,2022
657,Chandler Hutchison,,FALSE,4,2019,2022
658,Chris Chiozza,,FALSE,4,2019,2022
659,Emanuel Terry,,FALSE,2,2019,2022
660,Frank Jackson,,FALSE,4,2019,2022
661,Gary Clark,,FALSE,4,2019,2022
662,George King,1994,FALSE,2,2019,2022
663,Isaac Bonga,,FALSE,4,2019,2022
664,Jemerrio Jones,,FALSE,2,2019,2022
665,Melvin Frazier,,FALSE,3,2019,2022
666,Miles Bridges,,FALSE,4,2019,2022
667,Cameron Reynolds,,FALSE,2,2019,2021
668,Harry Giles,,FALSE,3,2019,2021
669,Jaylen Adams,,FALSE,2,2019,2021
670,Jerome Robinson,,FALSE,3,2019,2021
671,Khyri Thomas,,FALSE,3,2019,2021
672,Kostas Antetokounmpo,,FALSE,3,2019,2021
673,Ray Spalding,,FALSE,2,2019,2021
674,Rodions Kurucs,,FALSE,3,2019,2021
675,Allonzo Trier,,FALSE,2,2019,2020
676,Amile Jefferson,,FALSE,2,2019,2020
677,Daryl Macon,,FALSE,2,2019,2020
678,Dusty Hannahs,,FALSE,2,2019,2020
679,Elie Okobo,,FALSE,2,2019,2020
680,J.P. Macura,,FALSE,2,2019,2020
681,Jacob Evans,,FALSE,2,2019,2020
682,Joe Chealey,,FALSE,2,2019,2020
683,Johnathan Williams,,FALSE,2,2019,2020
684,Jonah Bolden,,FALSE,2,2019,2020
685,Omari Spellman,,FALSE,2,2019,2020
686,Ryan Broekhoff,,FALSE,2,2019,2020
687,Zhaire Smith,,FALSE,2,2019,2020
688,Billy Garrett,,FALSE,1,2019,2019
689,Bonzie Colson,,FALSE,1,2019,2019
690,Brandon Sampson,,FALSE,1,2019,2019
691,Deng Adel,,FALSE,1,2019,2019
692,DeVaughn Akoon-Purcell,,FALSE,1,2019,2019
693,Donte Grantham,,FALSE,1,2019,2019
694,Isaac Humphries,,FALSE,1,2019,2019
695,Isaiah Briscoe,,FALSE,1,2019,2019
696,Jared Terrell,,FALSE,1,2019,2019
697,Jaron Blossomgame,,FALSE,1,2019,2019
698,Jordan Loyd,,FALSE,1,2019,2019
699,Jordan Sibert,,FALSE,1,2019,2019
700,Julian Washburn,,FALSE,1,2019,2019
701,Marcus Derrickson,,FALSE,1,2019,2019
702,Mitch Creek,,FALSE,1,2019,2019
703,Rawle Alkins,,FALSE,1,2019,2019
704,Tahjere McCall,,FALSE,1,2019,2019
705,Thomas Welsh,,FALSE,1,2019,2019
706,Trevon Duval,,FALSE,1,2019,2019
707,Troy Caupain,,FALSE,1,2019,2019
708,Tyler Davis,,FALSE,1,2019,2019
709,Vince Edwards,,FALSE,1,2019,2019
710,Yante Maten,,FALSE,1,2019,2019
711,Zach Lofton,,FALSE,1,2019,2019
712,Admiral Schofield,,FALSE,3,2020,2023
713,Amir Coffey,,FALSE,4,2020,2023
714,Bol Bol,,FALSE,4,2020,2023
715,Brandon Clarke,,FALSE,4,2020,2023
716,Bruno Fernando,,FALSE,4,2020,2023
717,Caleb Martin,,FALSE,4,2020,2023
718,Cam Reddish,,FALSE,4,2020,2023
719,Cameron Johnson,,FALSE,4,2020,2023
720,Chris Silva,,FALSE,4,2020,2023
721,Coby White,,FALSE,4,2020,2023
722,Cody Martin,,FALSE,4,2020,2023
723,Daniel Gafford,,FALSE,4,2020,2023
724,Darius Bazley,,FALSE,4,2020,2023
725,Darius Garland,,FALSE,4,2020,2023
726,De'Andre Hunter,,FALSE,4,2020,2023
727,Dean Wade,,FALSE,4,2020,2023
728,Gabe Vincent,,FALSE,4,2020,2023
729,Garrison Mathews,,FALSE,4,2020,2023
730,Goga Bitadze,,FALSE,4,2020,2023
731,Grant Williams,,FALSE,4,2020,2023
732,Isaiah Roby,,FALSE,4,2020,2023
733,Ja Morant,,FALSE,4,2020,2023
734,Jalen McDaniels,,FALSE,4,2020,2023
735,Jarrett Culver,,FALSE,4,2020,2023
736,Javonte Green,,FALSE,4,2020,2023
737,Jaxson Hayes,,FALSE,4,2020,2023
738,Jaylen Nowell,,FALSE,4,2020,2023
739,John Konchar,,FALSE,4,2020,2023
740,Jordan McLaughlin,,FALSE,4,2020,2023
741,Jordan Poole,,FALSE,4,2020,2023
742,Juan Toscano-Anderson,,FALSE,4,2020,2023
743,Keldon Johnson,,FALSE,4,2020,2023
744,Kendrick Nunn,,FALSE,3,2020,2023
745,Kevin Porter Jr.,,FALSE,4,2020,2023
746,KZ Okpala,,FALSE,4,2020,2023
747,Luguentz Dort,,FALSE,4,2020,2023
748,Matisse Thybulle,,FALSE,4,2020,2023
749,Max Strus,,FALSE,4,2020,2023
750,Mfiondu Kabengele,,FALSE,3,2020,2023
751,Michael Porter Jr.,,FALSE,4,2020,2023
752,Moses Brown,,FALSE,4,2020,2023
753,Nassir Little,,FALSE,4,2020,2023
754,Naz Reid,,FALSE,4,2020,2023
755,Nic Claxton,,FALSE,4,2020,2023
756,Nickeil Alexander-Walker,,FALSE,4,2020,2023
757,Oshae Brissett,,FALSE,4,2020,2023
758,P.J. Washington,,FALSE,4,2020,2023
759,RJ Barrett,,FALSE,4,2020,2023
760,Romeo Langford,,FALSE,4,2020,2023
761,Rui Hachimura,,FALSE,4,2020,2023
762,Talen Horton-Tucker,,FALSE,4,2020,2023
763,Terance Mann,,FALSE,4,2020,2023
764,Terence Davis,,FALSE,4,2020,2023
765,Ty Jerome,,FALSE,4,2020,2023
766,Tyler Herro,,FALSE,4,2020,2023
767,Wenyen Gabriel,,FALSE,4,2020,2023
768,Zion Williamson,,FALSE,3,2020,2023
769,Carsen Edwards,,FALSE,3,2020,2022
770,Charlie Brown Jr.,,FALSE,3,2020,2022
771,DaQuan Jeffries,,FALSE,3,2020,2022
772,Devontae Cacok,,FALSE,3,2020,2022
773,Eric Paschall,,FALSE,3,2020,2022
774,Ignas Brazdeikis,,FALSE,3,2020,2022
775,Jared Harper,,FALSE,3,2020,2022
776,Jaylen Hoard,,FALSE,3,2020,2022
777,Justin Robinson,,FALSE,3,2020,2022
778,Juwan Morgan,,FALSE,3,2020,2022
779,Kelan Martin,,FALSE,3,2020,2022
780,Kyle Guy,,FALSE,3,2020,2022
781,Louis King,,FALSE,3,2020,2022
782,Malik Newman,,FALSE,2,2020,2022
783,Matt Mooney,,FALSE,2,2020,2022
784,Matt Thomas,,FALSE,3,2020,2022
785,Miye Oni,,FALSE,3,2020,2022
786,Mychal Mulder,,FALSE,3,2020,2022
787,Norvel Pelle,,FALSE,3,2020,2022
788,Paul Watson,,FALSE,3,2020,2022
789,Quinndary Weatherspoon,,FALSE,3,2020,2022
790,Rayjon Tucker,,FALSE,3,2020,2022
791,Sekou Doumbouya,,FALSE,3,2020,2022
792,Tacko Fall,,FALSE,3,2020,2022
793,Tremont Waters,,FALSE,3,2020,2022
794,Tyler Cook,,FALSE,3,2020,2022
795,Zylan Cheatham,,FALSE,2,2020,2022
796,Adam Mokoka,,FALSE,2,2020,2021
797,Brian Bowen,,FALSE,2,2020,2021
798,Donta Hall,,FALSE,2,2020,2021
799,Jalen Lecque,,FALSE,2,2020,2021
800,Jarrell Brantley,,FALSE,2,2020,2021
801,Jeremiah Martin,,FALSE,2,2020,2021
802,Jordan Bone,,FALSE,2,2020,2021
803,Justin James,,FALSE,2,2020,2021
804,Marques Bolden,,FALSE,2,2020,2021
805,Vincent Poirier,,FALSE,2,2020,2021
806,Chris Clemons,,FALSE,1,2020,2020
807,Devon Hall,,FALSE,1,2020,2020
808,Dewan Hernandez,,FALSE,1,2020,2020
809,Eric Mika,,FALSE,1,2020,2020
810,Josh Reaves,,FALSE,1,2020,2020
811,Justin Wright-Foreman,,FALSE,1,2020,2020
812,Kevin Hervey,,FALSE,1,2020,2020
813,Ky Bowman,,FALSE,1,2020,2020
814,Kyle Alexander,,FALSE,1,2020,2020
815,Marial Shayok,,FALSE,1,2020,2020
816,Marko Guduric,,FALSE,1,2020,2020
817,Michael Frazier,,FALSE,1,2020,2020
818,Nigel Williams-Goss,,FALSE,1,2020,2020
819,Shamorie Ponds,,FALSE,1,2020,2020
820,Stanton Kidd,,FALSE,1,2020,2020
821,Tariq Owens,,FALSE,1,2020,2020
822,Vic Law,,FALSE,1,2020,2020
823,William Howard,,FALSE,1,2020,2020
824,Zach Norvell,,FALSE,1,2020,2020
825,Aaron Nesmith,,FALSE,3,2021,2023
826,Aleksej Pokusevski,,FALSE,3,2021,2023
827,Anthony Edwards,,FALSE,3,2021,2023
828,Anthony Gill,,FALSE,3,2021,2023
829,Anthony Lamb,,FALSE,3,2021,2023
830,Chuma Okeke,,FALSE,3,2021,2023
831,Cole Anthony,,FALSE,3,2021,2023
832,Deni Avdija,,FALSE,3,2021,2023
833,Desmond Bane,,FALSE,3,2021,2023
834,Devin Vassell,,FALSE,3,2021,2023
835,Devon Dotson,,FALSE,3,2021,2023
836,Facundo Campazzo,,FALSE,3,2021,2023
837,Immanuel Quickley,,FALSE,3,2021,2023
838,Isaac Okoro,,FALSE,3,2021,2023
839,Isaiah Joe,,FALSE,3,2021,2023
840,Isaiah Stewart,,FALSE,3,2021,2023
841,Jaden McDaniels,,FALSE,3,2021,2023
842,Jae'Sean Tate,,FALSE,3,2021,2023
843,Jalen Smith,,FALSE,3,2021,2023
844,James Wiseman,,FALSE,2,2021,2023
845,Jordan Nwora,,FALSE,3,2021,2023
846,Josh Green,,FALSE,3,2021,2023
847,Kenyon Martin Jr.,,FALSE,3,2021,2023
848,Killian Hayes,,FALSE,3,2021,2023
849,Kira Lewis Jr.,,FALSE,3,2021,2023
850,Lamar Stevens,,FALSE,3,2021,2023
851,LaMelo Ball,,FALSE,3,2021,2023
852,Malachi Flynn,,FALSE,3,2021,2023
853,Mamadi Diakite,,FALSE,3,2021,2023
854,Naji Marshall,,FALSE,3,2021,2023
855,Nathan Knight,,FALSE,3,2021,2023
856,Nick Richards,,FALSE,3,2021,2023
857,Obi Toppin,,FALSE,3,2021,2023
858,Onyeka Okongwu,,FALSE,3,2021,2023
859,Patrick Williams,,FALSE,3,2021,2023
860,Paul Reed,,FALSE,3,2021,2023
861,Payton Pritchard,,FALSE,3,2021,2023
862,Precious Achiuwa,,FALSE,3,2021,2023
863,R.J. Hampton,,FALSE,3,2021,2023
864,Saben Lee,,FALSE,3,2021,2023
865,Saddiq Bey,,FALSE,3,2021,2023
866,Tre Jones,,FALSE,3,2021,2023
867,Trent Forrest,,FALSE,3,2021,2023
868,Tyrese Haliburton,,FALSE,3,2021,2023
869,Tyrese Maxey,,FALSE,3,2021,2023
870,Udoka Azubuike,,FALSE,3,2021,2023
871,Vernon Carey Jr.,,FALSE,3,2021,2023
872,Xavier Tillman Sr.,,FALSE,3,2021,2023
873,Zeke Nnaji,,FALSE,3,2021,2023
874,Armoni Brooks,,FALSE,2,2021,2022
875,Brodric Thomas,,FALSE,2,2021,2022
876,Cameron Oliver,,FALSE,2,2021,2022
877,Cassius Stanley,,FALSE,2,2021,2022
878,Cassius Winston,,FALSE,2,2021,2022
879,CJ Elleby,,FALSE,2,2021,2022
880,Dakota Mathias,,FALSE,2,2021,2022
881,Daniel Oturu,,FALSE,2,2021,2022
882,Deividas Sirvydis,,FALSE,2,2021,2022
883,Devin Cannady,,FALSE,2,2021,2022
884,Didi Louzada,,FALSE,2,2021,2022
885,Dylan Windler,,FALSE,2,2021,2022
886,Elijah Hughes,,FALSE,2,2021,2022
887,Freddie Gillespie,,FALSE,2,2021,2022
888,Gabriel Deck,,FALSE,2,2021,2022
889,Jahmi'us Ramsey,,FALSE,2,2021,2022
890,Jay Scrubb,,FALSE,2,2021,2022
891,Keljin Blevins,,FALSE,2,2021,2022
892,Killian Tillie,,FALSE,2,2021,2022
893,Malik Fitts,,FALSE,2,2021,2022
894,Markus Howard,,FALSE,2,2021,2022
895,Mason Jones,,FALSE,2,2021,2022
896,Nate Hinton,,FALSE,2,2021,2022
897,Reggie Perry,,FALSE,2,2021,2022
898,Robert Woodard II,,FALSE,2,2021,2022
899,Sam Merrill,,FALSE,2,2021,2022
900,Skylar Mays,,FALSE,2,2021,2022
901,Tyrell Terry,,FALSE,2,2021,2022
902,Amida Brimah,,FALSE,1,2021,2021
903,Ashton Hagans,,FALSE,1,2021,2021
904,Elijah Bryant,,FALSE,1,2021,2021
905,Grant Riller,,FALSE,1,2021,2021
906,Greg Whittington,,FALSE,1,2021,2021
907,Jalen Harris,,FALSE,1,2021,2021
908,Jontay Porter,,FALSE,1,2021,2021
909,Josh Hall,,FALSE,1,2021,2021
910,Nate Darling,,FALSE,1,2021,2021
911,Nico Mannion,,FALSE,1,2021,2021
912,Robert Franks,,FALSE,1,2021,2021
913,Sean McDermott,,FALSE,1,2021,2021
914,Ty-Shon Alexander,,FALSE,1,2021,2021
915,Tyler Bey,,FALSE,1,2021,2021
916,Will Magnay,,FALSE,1,2021,2021
917,Aaron Wiggins,,FALSE,2,2022,2023
918,Austin Reaves,,FALSE,2,2022,2023
919,Ayo Dosunmu,,FALSE,2,2022,2023
920,Bones Hyland,,FALSE,2,2022,2023
921,Brandon Boston Jr.,,FALSE,2,2022,2023
922,Braxton Key,,FALSE,2,2022,2023
923,Cade Cunningham,,FALSE,2,2022,2023
924,Cam Thomas,,FALSE,2,2022,2023
925,Carlik Jones,,FALSE,2,2022,2023
926,Charles Bassey,,FALSE,2,2022,2023
927,Chris Duarte,,FALSE,2,2022,2023
928,Corey Kispert,,FALSE,2,2022,2023
929,Daishen Nix,,FALSE,2,2022,2023
930,Dalano Banton,,FALSE,2,2022,2023
931,David Duke Jr.,,FALSE,2,2022,2023
932,Davion Mitchell,,FALSE,2,2022,2023
933,Day'Ron Sharpe,,FALSE,2,2022,2023
934,Duane Washington Jr.,,FALSE,2,2022,2023
935,Eugene Omoruyi,,FALSE,2,2022,2023
936,Evan Mobley,,FALSE,2,2022,2023
937,Franz Wagner,,FALSE,2,2022,2023
938,Greg Brown III,,FALSE,2,2022,2023
939,Herbert Jones,,FALSE,2,2022,2023
940,Isaiah Jackson,,FALSE,2,2022,2023
941,Isaiah Livers,,FALSE,2,2022,2023
942,Isaiah Todd,,FALSE,2,2022,2023
943,Ish Wainright,,FALSE,2,2022,2023
944,Jaden Springer,,FALSE,2,2022,2023
945,Jalen Green,,FALSE,2,2022,2023
946,Jalen Johnson,,FALSE,2,2022,2023
947,Jalen Suggs,,FALSE,2,2022,2023
948,James Bouknight,,FALSE,2,2022,2023
949,Jeff Dowtin,,FALSE,2,2022,2023
950,Jeremiah Robinson-Earl,,FALSE,2,2022,2023
951,Jericho Sims,,FALSE,2,2022,2023
952,Jock Landale,,FALSE,2,2022,2023
953,Joe Wieskamp,,FALSE,2,2022,2023
954,Jonathan Kuminga,,FALSE,2,2022,2023
955,Jordan Goodwin,,FALSE,2,2022,2023
956,Jordan Schakel,,FALSE,2,2022,2023
957,Jose Alvarado,,FALSE,2,2022,2023
958,Josh Christopher,,FALSE,2,2022,2023
959,Josh Giddey,,FALSE,2,2022,2023
960,Joshua Primo,,FALSE,2,2022,2023
961,JT Thor,,FALSE,2,2022,2023
962,Justin Champagnie,,FALSE,2,2022,2023
963,Kai Jones,,FALSE,2,2022,2023
964,Keon Johnson,,FALSE,2,2022,2023
965,Kessler Edwards,,FALSE,2,2022,2023
966,Leandro Bolmaro,,FALSE,2,2022,2023
967,Lindy Waters III,,FALSE,2,2022,2023
968,Luka Garza,,FALSE,2,2022,2023
969,Malcolm Hill,,FALSE,2,2022,2023
970,Marko Simonovic,,FALSE,2,2022,2023
971,Matt Ryan,,FALSE,2,2022,2023
972,McKinley Wright IV,,FALSE,2,2022,2023
973,Micah Potter,,FALSE,2,2022,2023
974,Miles McBride,,FALSE,2,2022,2023
975,Moses Moody,,FALSE,2,2022,2023
976,Neemias Queta,,FALSE,2,2022,2023
977,Quentin Grimes,,FALSE,2,2022,2023
978,Sam Hauser,,FALSE,2,2022,2023
979,Sandro Mamukelashvili,,FALSE,2,2022,2023
980,Santi Aldama,,FALSE,2,2022,2023
981,Scottie Barnes,,FALSE,2,2022,2023
982,Terry Taylor,,FALSE,2,2022,2023
983,Tre Mann,,FALSE,2,2022,2023
984,Trendon Watford,,FALSE,2,2022,2023
985,Trevelin Queen,,FALSE,2,2022,2023
986,Trey Murphy III,,FALSE,2,2022,2023
987,Usman Garuba,,FALSE,2,2022,2023
988,Vit Krejci,,FALSE,2,2022,2023
989,Ziaire Williams,,FALSE,2,2022,2023
990,Aaron Henry,,FALSE,1,2022,2022
991,Ade Murkey,,FALSE,1,2022,2022
992,Ahmad Caver,,FALSE,1,2022,2022
993,Aleem Ford,,FALSE,1,2022,2022
994,Arnoldas Kulboka,,FALSE,1,2022,2022
995,Brandon Williams,1999,FALSE,1,2022,2022
996,Cameron McGriff,,FALSE,1,2022,2022
997,Cat Barber,,FALSE,1,2022,2022
998,Chaundee Brown Jr.,,FALSE,1,2022,2022
999,Craig Sword,,FALSE,1,2022,2022
1000,David Johnson,,FALSE,1,2022,2022
1001,DeJon Jarreau,,FALSE,1,2022,2022
1002,Feron Hunt,,FALSE,1,2022,2022
1003,Gabe York,,FALSE,1,2022,2022
1004,Gabriel Lundberg,,FALSE,1,2022,2022
1005,Georgios Kalaitzakis,,FALSE,1,2022,2022
1006,Hassani Gravett,,FALSE,1,2022,2022
1007,Jaime Echenique,,FALSE,1,2022,2022
1008,Jamorko Pickett,,FALSE,1,2022,2022
1009,JaQuori McLaughlin,,FALSE,1,2022,2022
1010,Jared Butler,,FALSE,1,2022,2022
1011,Jarron Cumberland,,FALSE,1,2022,2022
1012,Javin DeLaurier,,FALSE,1,2022,2022
1013,Javonte Smart,,FALSE,1,2022,2022
1014,Jay Huff,,FALSE,1,2022,2022
1015,Jaysean Paige,,FALSE,1,2022,2022
1016,Joel Ayayi,,FALSE,1,2022,2022
1017,Jon Teske,,FALSE,1,2022,2022
1018,Keifer Sykes,,FALSE,1,2022,2022
1019,Kevin Pangos,,FALSE,1,2022,2022
1020,Lindell Wigginton,,FALSE,1,2022,2022
1021,M.J. Walker,,FALSE,1,2022,2022
1022,Mac McClung,,FALSE,1,2022,2022
1023,Marcus Garrett,,FALSE,1,2022,2022
1024,Moses Wright,,FALSE,1,2022,2022
1025,Myles Powell,,FALSE,1,2022,2022
1026,Olivier Sarr,,FALSE,1,2022,2022
1027,Omer Yurtseven,,FALSE,1,2022,2022
1028,Paris Bass,,FALSE,1,2022,2022
1029,Petr Cornelie,,FALSE,1,2022,2022
1030,RJ Nembhard Jr.,,FALSE,1,2022,2022
1031,Rob Edwards,,FALSE,1,2022,2022
1032,Scottie Lewis,,FALSE,1,2022,2022
1033,Shaq Buchanan,,FALSE,1,2022,2022
1034,Sharife Cooper,,FALSE,1,2022,2022
1035,Trayvon Palmer,,FALSE,1,2022,2022
1036,Tre Scott,,FALSE,1,2022,2022
1037,Tyler Hall,,FALSE,1,2022,2022
1038,Xavier Moon,,FALSE,1,2022,2022
1039,Xavier Sneed,,FALSE,1,2022,2022
1040,Yves Pons,,FALSE,1,2022,2022
1041,Zavier Simpson,,FALSE,1,2022,2022
1042,A.J. Green,,FALSE,1,2023,2023
1043,A.J. Lawson,,FALSE,1,2023,2023
1044,AJ Griffin,,FALSE,1,2023,2023
1045,Alondes Williams,,FALSE,1,2023,2023
1046,Andrew Nembhard,,FALSE,1,2023,2023
1047,Bennedict Mathurin,,FALSE,1,2023,2023
1048,Blake Wesley,,FALSE,1,2023,2023
1049,Bryce McGowens,,FALSE,1,2023,2023
1050,Buddy Boeheim,,FALSE,1,2023,2023
1051,Caleb Houstan,,FALSE,1,2023,2023
1052,Chima Moneke,,FALSE,1,2023,2023
1053,Christian Braun,,FALSE,1,2023,2023
1054,Christian Koloko,,FALSE,1,2023,2023
1055,Cole Swider,,FALSE,1,2023,2023
1056,Dalen Terry,,FALSE,1,2023,2023
1057,Darius Days,,FALSE,1,2023,2023
1058,David Roddy,,FALSE,1,2023,2023
1059,Dereon Seabron,,FALSE,1,2023,2023
1060,Dominick Barlow,,FALSE,1,2023,2023
1061,Dru Smith,,FALSE,1,2023,2023
1062,Dyson Daniels,,FALSE,1,2023,2023
1063,Isaiah Mobley,,FALSE,1,2023,2023
1064,Jabari Smith Jr.,,FALSE,1,2023,2023
1065,Jabari Walker,,FALSE,1,2023,2023
1066,Jack White,,FALSE,1,2023,2023
1067,Jaden Hardy,,FALSE,1,2023,2023
1068,Jaden Ivey,,FALSE,1,2023,2023
1069,Jake LaRavia,,FALSE,1,2023,2023
1070,Jalen Duren,,FALSE,1,2023,2023
1071,Jalen Williams,,FALSE,1,2023,2023
1072,Jamal Cain,,FALSE,1,2023,2023
1073,Jamaree Bouyea,,FALSE,1,2023,2023
1074,Jared Rhoden,,FALSE,1,2023,2023
1075,Jason Preston,,FALSE,1,2023,2023
1076,Jaylin Williams,,FALSE,1,2023,2023
1077,JD Davison,,FALSE,1,2023,2023
1078,Jeremy Sochan,,FALSE,1,2023,2023
1079,John Butler,,FALSE,1,2023,2023
1080,Johnny Davis,2002,FALSE,1,2023,2023
1081,Johnny Juzang,,FALSE,1,2023,2023
1082,Jordan Hall,,FALSE,1,2023,2023
1083,Josh Minott,,FALSE,1,2023,2023
1084,Julian Champagnie,,FALSE,1,2023,2023
1085,Keegan Murray,,FALSE,1,2023,2023
1086,Kendall Brown,,FALSE,1,2023,2023
1087,Kennedy Chandler,,FALSE,1,2023,2023
1088,Kenneth Lofton Jr.,,FALSE,1,2023,2023
1089,Keon Ellis,,FALSE,1,2023,2023
1090,Kevon Harris,,FALSE,1,2023,2023
1091,Malaki Branham,,FALSE,1,2023,2023
1092,MarJon Beauchamp,,FALSE,1,2023,2023
1093,Mark Williams,,FALSE,1,2023,2023
1094,Max Christie,,FALSE,1,2023,2023
1095,Michael Foster Jr.,,FALSE,1,2023,2023
1096,Ochai Agbaji,,FALSE,1,2023,2023
1097,Orlando Robinson,,FALSE,1,2023,2023
1098,Ousmane Dieng,,FALSE,1,2023,2023
1099,Paolo Banchero,,FALSE,1,2023,2023
1100,Patrick Baldwin Jr.,,FALSE,1,2023,2023
1101,Peyton Watson,,FALSE,1,2023,2023
1102,Quenton Jackson,,FALSE,1,2023,2023
1103,Ron Harper Jr.,,FALSE,1,2023,2023
1104,Ryan Rollins,,FALSE,1,2023,2023
1105,Scotty Pippen Jr.,,FALSE,1,2023,2023
1106,Shaedon Sharpe,,FALSE,1,2023,2023
1107,Simone Fontecchio,,FALSE,1,2023,2023
1108,Stanley Umude,,FALSE,1,2023,2023
1109,Tari Eason,,FALSE,1,2023,2023
1110,Trevor Hudgins,,FALSE,1,2023,2023
1111,Trevor Keels,,FALSE,1,2023,2023
1112,Tyrese Martin,,FALSE,1,2023,2023
1113,TyTy Washington Jr.,,FALSE,1,2023,2023
1114,Vince Williams Jr.,,FALSE,1,2023,2023
1115,Walker Kessler,,FALSE,1,2023,2023
1116,Wendell Moore Jr.,,FALSE,1,2023,2023